id,text,label,source,source_label
1,"Party A could take2months rentals, that is,RMB127,100.00(one hundred twenty-seven thousands and one hundred RMB yuan) from party B as deposit when hand over the property.",Security Deposit,ALeaseBert,guarantee_transferable
2,"During the lease period, party A will pay the land use fee and the taxes, lease management fee that generated from the leasing of the property; party B will",Maintenance,ALeaseBert,services_charges
3,"pay the utilities, sanitation fee, building management fee etc. generated from using the leased property.",Maintenance,ALeaseBert,services_charges
4,"If any damage of the property or appurtenant works caused by party B’s misoperation, party B should inform party A in time and repair on its own cost or compensate for party A. In case party B refuse to repair as requested above, by register at the registration office, party A could repair instead, but party B will pay for the cost.",Repairs,ALeaseBert,damage
5,The agreement is allowed to be terminated or changed in case the following happens:,Termination,ALeaseBert,break_option
6,1. Due to force majeure the agreement could not been carried out;,Termination,ALeaseBert,break_option
7,"2. Government levy, purchase, take back or demolish the leased property;",Termination,ALeaseBert,break_option
8,3. Agreed by party A and party B through discussion.,Termination,ALeaseBert,break_option
9,"Party B should move out of the leased property and return it to party A within 7 days after this agreement was terminated. And make sure everything in the property is working (except for the normal wear and tear). In the same time, settle down all payments and proceeding transferring process.",Termination,ALeaseBert,reinstatement_clause
10,Party A shall have the rights to terminate the contract and take back the leased property if Party B has conducted one of the following activities:,Termination,ALeaseBert,break_option
11,"Sublease, underlease, transfer, lend, pool, contribute to an equity interest, or exchange the space with others without Party A’s permission.",Termination,ALeaseBert,break_option
12,Use the rented property to conduct illegal activities and harm public interests.,Termination,ALeaseBert,break_option
13,Party A shall be responsible for the maintenance at the expenses of Party A for the items agreed on by both parties.,Repairs,ALeaseBert,landlord_repairs
14,"For the maintenance and remodeling projects allowed by Party A, Party B shall pay for the maintenance costs in advance and coordinate the construction. The advanced maintenance costs shall be deducted from the rent with the amount in the formal invoices.",Repairs,ALeaseBert,landlord_repairs
15,"If Party B subleases the rented space to any other party without the consent of Party A, Party A has the right to request Party B to stop the sublease and terminate this contract.",Tenant Responsibilities,ALeaseBert,sublease_permitted
16,"If the property is damaged due to force majeure which causes losses to Party B, Party A and Party B shall exempt from liabilities to the other party.",Repairs,ALeaseBert,damage
17,"Party B undertakes to Party A that, it leases the Premises to engage in lawful economic activities, within the scope specified in its business license and shall comply with the regulations of the State and Shanghai Municipality on use of houses and fire safety as well as the regulations of Caohejing High-Tech Park on industrial development, environmental protection and property management.",Tenant Responsibilities,ALeaseBert,designated_use
18,"Party B warrants that, during the lease term, it will not alter the purposes agreed in the preceding paragraph without the written consent of Party A and before being subject to the examination and approval of competent department.",Tenant Responsibilities,ALeaseBert,designated_use
19,"Upon expiry of the lease term, Party A has the right to repossess the Premises, while Party B shall return the same as scheduled.",Termination,ALeaseBert,reinstatement_clause
20,"Both parties agree that, within three days as from the date of signing hereof, Party B shall pay Party A lease deposit, which is equivalent to three-month rent, that is, RMB Four Hundred and Sixty One Thousand Seven Hundred and Eighty Three Point Sixty Seven (RMB 461,783.67). Upon collection of lease deposit, Party A shall issue a receipt to Party B.",Security Deposit,ALeaseBert,guarantee_transferable
21,"During the lease term, Party B may not set off the lease deposit against the rent of the Premises.",Security Deposit,ALeaseBert,guarantee_transferable
22,"When this Contract is terminated upon expiry of the lease term, within 10 working days after Party B pays off relevant expenses and goes through the return and handover procedures of the Premises with the Premises management department, the lease deposit paid by Party B will be refunded by Party A interest-free; in case Party B fails to pay off relevant expenses and causes any economic loss to Party A due to any cause attributable to Party B, Party A has the right to deduct relevant amount from the deposit and return the remaining portion to Party B interest-free. Where the lease deposit is insufficient for deduction, Party B shall otherwise pay the insufficient portion.",Termination,ALeaseBert,reinstatement_clause
23,"During the lease term, all water, electricity, communications, equipment and other expenses incurred in connection with the use of the Premises shall be borne by Party B.",Maintenance,ALeaseBert,services_charges
24,"When this Contract is cancelled or terminated, if there are structures added or improved by Party B subject to the written consent of Party A, Party B shall be responsible for restoring the Premises to its original state, except any reasonable wear and tear. Until the Premises is inspected and accepted by Party A, Party B may not handle check-out procedures.",Termination,ALeaseBert,reinstatement_clause
25,"Party B shall return the Premises upon expiry of the lease term of this Contract or termination of this Contract for any reason. Where Party B delays returning the Premises without the consent of Party A, Party B shall pay Party A the use fees payable during the occupation of the Premises equivalent to two times of the daily rent for each delayed day. Party B agrees that, if it delays in restoring the Premises to its original state and returning the same for 15 days, Party A shall have the right to enter the Premises at its option, meanwhile, Party B shall be deemed to waive the ownership and right of use in the decoration, facilities, equipment in the Premises and other articles that have not been dismantled or removed from the Premises, including equipment and articles deemed the Premises of Party B (regardless of whether they belong to Party B or any third party), and Party A has the right to dispose of them at its own discretion. In case the legitimate interests of any third party are involved, Party B shall be liable for compensating such third party. The expenses incurred by Party A for restoring the Premises to its original state on behalf of Party B shall be borne by the latter. The Premises shall be deemed to have been repossessed upon Party A’s entry into it.",Termination,ALeaseBert,reinstatement_clause
26,"When returned by Party B, the Premises shall be in the conditions after normal use. At the time of return, the Premises shall be inspected and accepted by Party A, and both parties shall settle expenses payable by them respectively.",Termination,ALeaseBert,reinstatement_clause
27,"Unless Party A has permitted Party B to sublet the Premises in supplemental clauses of this Contract or other documents, Party B may not sublet the Premises to others in whole or in part within the lease term.",Tenant Responsibilities,ALeaseBert,sublease_permitted
28,"Lessee shall be responsible for all repairs to the building upon the above described premises, save and except as provided in paragraph 11 herein.",Repairs,ALeaseBert,landlord_repairs
29,"Lessee may assign this lease or sub-let said premises, or any part thereof, without the written consent of said Lessor, provided however, Lessee shall not be relieved of any obligation hereof during the term of this lease.",Tenant Responsibilities,ALeaseBert,sublease_permitted
30,Party A has right to terminate the contract and takes back the house if one of the following situations occurred:,Termination,ALeaseBert,break_option
31,"Party B transfers, subleases, lends, jointly operates, buys share or exchanges the house with others;",Termination,ALeaseBert,break_option
32,"Party B uses the house to take illegal activities, which damages the public interests;",Termination,ALeaseBert,break_option
33,"Party B has the priority to lease the house after the contract expires, and it can extend the lease term with negotiation of Party A if it cannot find the house promptly after the contract expires.",Termination,ALeaseBert,break_option
34,The water & electricity fees shall be settled separately.,Maintenance,ALeaseBert,services_charges
35,"Party A takes charge of repairing of the house. Party A shall take the examination of the facilities, and it shall guarantee that there is no leakage, and the tap water, sewage and lighting, doors& windows are in good conditions, so as to ensure the normal and safe use of Party B.",Repairs,ALeaseBert,landlord_repairs
36,The repair scope and standard shall be performed by Urban Construction Department (87) C.Z.G.Z.No. 13 Notice.,Repairs,ALeaseBert,landlord_repairs
37,"Through the negotiation of the two parties, Party A will contribute for the repairing work and organize the construction according to the maintenance scope.",Repairs,ALeaseBert,landlord_repairs
38,"If one party doesn’t comply with the terms of Article 4, the party shall compensate 50000 Yuan for another party.",Repairs,ALeaseBert,damage
39,"If Party A receives the additional fees except for the rent, Party B has right to refuse.",Maintenance,ALeaseBert,services_charges
40,The two parties take no responsibilities if the house is damaged or Party B has loss owing to the force majeure.,Repairs,ALeaseBert,damage
41,"The property management fee shall be contained in the rent, including but not limited to central air-conditioning fee (cooling, heating and fresh air); cleaning fee for public area, external wall and washroom; three guarantees for the front land of the building; maintenance fee for public area, public facilities (water, electricity, heating, ventilation, cooling, telecom and fire protection), electricity fee for regular office use (non-operational electricity consumption) etc.",Maintenance,ALeaseBert,services_charges
42,"Party A shall return the deposit (without interests) in full to Party B within one and a half month upon expiration of the term of Contract under the condition that Party B has complied with obligations of this Contract, Party B did not intend to renew the Contract upon expiration and commit no default events such as overdue payment.",Security Deposit,ALeaseBert,guarantee_transferable
43,Party A shall be responsible for direct losses to Party B caused by reckless and neglect of its relevant staff or for damages of the leased area due to the property structure.,Repairs,ALeaseBert,damage
44,"In case of damages or direct losses due to reckless or neglect of Party B or its personnel, Party B shall be allowed to enter into the leased unit and repair damages or losses of the unit, expenses arising therefrom shall be borne by Party B.",Repairs,ALeaseBert,damage
45,Party B can use the leased unit for office purpose only.,Tenant Responsibilities,ALeaseBert,designated_use
46,"In case Party B fails to pay rent within 1 month after the prescribed payment period, Party A shall have right to terminate this Contract unilaterally.",Termination,ALeaseBert,break_option
47,"In case Party B requires terminating the Contract after execution without using the unit, Party A shall not refund the deposit.",Termination,ALeaseBert,break_option
48,"Tenant shall occupy and use the Leased Premises for office and warehousing, packaging and assembly purposes and for any related purpose, but for no other purpose without the written consent of Landlord, which consent shall not be unreasonably withheld. The Leased Premises shall not be used for any purpose which would violate any law, ordinance, rule or regulation or the terms of any restrictive covenant applicable to the Building, nor in any way to create any nuisance or trespass, nor in any way to violate the terms of a standard form policy of insurance or increase the rate of insurance under any such policy of insurance on the Building or the Leased Premises.",Tenant Responsibilities,ALeaseBert,designated_use
49,"Provided Tenant is not then in default in the performance of any of its covenants and agreements under this Lease, Tenant may give written notice to terminate this lease as of April 30, 2009. Such written notice is to be given after February 28, 2009 and before April 30, 2009. If the termination option is exercised, Tenant shall pay the unamortized portion of the tenant improvements which are amortized over the ten year term of this lease. Landlord shall have the right to terminate this lease if the land purchase is not closed by May 1, 2004.",Termination,ALeaseBert,break_option
50,"Tenant shall pay all charges for utility services provided to the Leased Premises which are separately metered. Subject to Paragraph 4(d) above, Landlord shall pay all charges for all other utility services necessary for the reasonable use and operation of the Leased Premises and the Building and Improvements. Landlord shall not be liable in damages or otherwise for any interruptions or failure in the supply of any utilities or utility service to the Leased Premises except such failure or interruption which results from the negligence of Landlord, its agents or employees.",Maintenance,ALeaseBert,services_charges
51,"In the event the Leased Premises or Building are damaged by fire, the elements, acts of God, or other cause to such extent that the Leased Premises are rendered untenantable by Tenant or more than fifty percent (50%) of the Building is rendered untenantable, and in the event Landlord elects not to rebuild the Leased Premises and Building as they existed prior to the damage or in some other manner satisfactory to Tenant and",Repairs,ALeaseBert,damage
52,"Landlord, then Landlord, within thirty (30) days of the date the damage occurred, shall notify Tenant in writing of such election, and this Lease shall be canceled as of the date the damage occurred, and Landlord and Tenant shall have no further obligations by reason of its provisions. In the event Landlord elects to rebuild the Leased. Premises and Building as they existed prior to the damage or in some other manner satisfactory to Tenant and Landlord, then Landlord shall commence such rebuilding within thirty (30) days of the date of such damage and shall continue and complete such rebuilding as promptly as possible. Upon completion of such rebuilding, this Lease shall be reinstated in all of its terms; provided, however, the rent shall abate in full during the period of such rebuilding.",Repairs,ALeaseBert,damage
53,"In the event the Leased Premises or Building are not damaged to such extent that the Leased Premises are rendered wholly untenantable by Tenant and this Lease is not otherwise terminated as provided above, then Tenant shall continue to occupy those portions of the Leased Premises which are tenantable, the rent shall abate proportionately to the portions occupied, and Landlord shall promptly commence and complete repairs to the portions damaged.",Repairs,ALeaseBert,damage
54,"In no event and under no circumstances shall Landlord be liable to Tenant for any loss occasioned by damage to the Leased Premises, other than for the abatement of rent as provided in this Paragraph 14, except to the extent of property damage resulting from the negligence of Landlord, its agents or employees which is not otherwise covered by insurance required to be carried by Tenant under this Lease. Under no circumstances shall there be any abatement of rent under this Paragraph 14 if the damage to the Leased Premises is caused by the acts or negligence of Tenant, its agents, employees or invitees.",Repairs,ALeaseBert,damage
55,"Tenant covenants and agrees to surrender possession of the Leased. Premises to Landlord upon the expiration of the term of this Lease or any renewals or extensions of this Lease, or upon earlier termination of this Lease, in as good condition and repair as the same shall be at the commencement of the term of this Lease, or as the same may have been put by Landlord or Tenant during the continuance of this Lease and any renewals. or extensions, ordinary wear and tear excepted. In addition, Tenant shall remove all of its property from the Leased Premises and shall repair any damage to the Leased Premises caused by such removal.",Termination,ALeaseBert,reinstatement_clause
56,"Tenant shall not assign this Lease, or sublease all or any part of the Leased Premises without the prior written consent of Landlord, which consent shall not be unreasonably withheld. The sale or transfer of a majority of the equity ownership interests in Tenant in a single transaction or as the result of a series of transactions at any time during the term or any renewal term of this Lease shall constitute an assignment for purposes of this Paragraph. No assignment of this Lease or subletting of the Leased Premises, with or without the consent of Landlord, and no course of dealing or other actions of Landlord after any such assignment or sublease shall serve to release Tenant from its obligations under this Lease unless such release is expressly set forth in a separate written agreement signed by Landlord. In addition, the granting of consent by Landlord to an assignment or sublease in one case shall not constitute consent to any future assignment or sublease.",Tenant Responsibilities,ALeaseBert,sublease_permitted
57,"Tenant shall not perform or permit any of the following acts to be performed by Tenant or its agents, employees, or invitees without the written consent of the Landlord:",Tenant Responsibilities,ALeaseBert,designated_use
58,(a) Occupy the Leased Premises in any other manner or for any other purpose than as set forth in this Lease.,Tenant Responsibilities,ALeaseBert,designated_use
59,"(b) Use the Leased Premises, Property, Building or Improvements or operate any machinery on the Leased Premises, Property, Building or Improvements that, in Landlord’s reasonable opinion, is harmful to the Building or disturbing to tenants occupying other parts thereof.",Tenant Responsibilities,ALeaseBert,designated_use
60,"(c) Inscribe, paint or affix or permit to be inscribed, painted or affixed any sign, advertisement or notice on any part of the Building, inside or out, unless by a sign painted by Landlord, and unless of such character, color, size or material, and in such place as shall first be approved by Landlord in writing.",Tenant Responsibilities,ALeaseBert,designated_use
61,"(e) Use or allow to be used on the Leased Premises any article or substance having an offensive odor, such as, but not limited to ether, naphtha, phosphorus, benzol, gasoline, benzine, petroleum or any product thereof, crude or refined earth or coal oils, flashlight powder, or other explosives, kerosene, camphene, burning fluid or any dangerous, explosive or rapidly burning matter or material of any kind.",Tenant Responsibilities,ALeaseBert,designated_use
62,"(f) Use electricity in the Leased Premises in excess of the capacity of any of the electrical conductors and equipment in or otherwise serving the demised premises nor connect any additional fixtures, appliances or equipment other than lamps, typewriters, PC type desktop computers and similar small offices machines to the Building electric distribution system or make any alteration of addition to the electric system of the Leased Premises.",Tenant Responsibilities,ALeaseBert,designated_use
63,"As security for the payment and performance of its obligations under this Lease, Tenant has deposited with Landlord the sum of $8,294.00 (the “Deposit”). The Deposit shall be held by Landlord, and, at Landlord’s discretion, applied to the payment of any amount due Landlord from Tenant which comes due under the terms of this Lease. Any such use of the Deposit by Landlord shall not serve to cure or waive Tenant’s default, and such default shall not be deemed cured until the full amount of the Deposit has been restored to Landlord by Tenant. Any unexpended portion of the Deposit shall be paid over to Tenant within thirty (30) days after the expiration or termination of this Lease and the performance by Tenant of all of its obligations under this Lease.",Security Deposit,ALeaseBert,guarantee_transferable
64,"Upon expiration of the lease term, Party A has the right to repossess the Premises, while Party B shall return the same as scheduled. In case Party B needs to continue to lease the Premises, it shall file a written application for renewal to Party A three months in advance of the expiration of the lease term, while Party A shall reply to Party B indicating whether it agrees to such renewal within one month from the date it receives Party B’s written application. Where Party A agrees to renewal, both parties shall sign a new lease contract. Party A has the right to modify certain clauses including rental clause in the renewed contract, but the modification of the rental shall not exceed 20%. If both parties fail to enter into the renewed contract within one month prior to the expiration of the lease term, then Party A has the right to terminate this Contract upon expiration of the lease term and take back the Premises.",Termination,ALeaseBert,reinstatement_clause
65,"During the lease term, Party B may not set off the lease deposit against the rental of the Premises. Upon termination or expiration of this Contract, within 10 working days after",Security Deposit,ALeaseBert,guarantee_transferable
66,"Party B pays off relevant expenses and finishes all handover procedures of the Premises with the Premises management department, the lease deposit paid by Party B shall be refunded by Party A interest-free; in case Party B fails to pay off relevant expenses or causes any economic losses to Party A due to any reason attributable to Party B, Party A has the right to deduct relevant amount from the deposit and return the remaining portion to Party B interest-free.",Security Deposit,ALeaseBert,guarantee_transferable
67,"During the lease term, if Party B finds any natural damage in the Premises and its ancillary facilities, Party B shall promptly notify the property management company entrusted by Party A and request the company to repair. When the Premises and its ancillary facilities are repaired, Party B shall actively assist and cooperate. The consequences arising from the failure to make timely repairs due to Party B’s action or omission shall be solely borne by Party B.",Repairs,ALeaseBert,landlord_repairs
68,"Unless Party A agrees to renewal by Party B and both parties sign a renewal lease contract, Party B shall return the Premises upon expiration or termination of this Contract for any reason. Where Party B delays returning the Premises without the consent of Party A, Party B shall pay Party A the use fees payable during the occupation of the Premises equivalent to two times of the daily rental for each delayed day. Party B agrees that, if it delays in restoring the Premises to its original state and returning the same for 15 days, Party A shall have the right to enter the Premises at its option, meanwhile, Party B shall be deemed to waive the ownership and right of use in the decoration, facilities, equipment in the Premises and other articles that have not been dismantled or removed from the Premises, including equipment and articles deemed the Premises of Party B (regardless of whether they belong to Party B or any third party), and Party A has the right to dispose of them at its own discretion. In case the legitimate interests of any third party are involved, Party B shall be liable for compensating such third party. The expenses incurred by Party A for restoring the Premises to its original state on behalf of Party B shall be borne by the latter. The Premises shall be deemed to have been repossessed upon Party A’s entry into it.",Termination,ALeaseBert,reinstatement_clause
69,"When returned by Party B, the Premises shall be in the same state as that of after normal use. At the time of return, the Premises shall be inspected and accepted by Party A, and both parties shall settle expenses payable by them respectively.",Termination,ALeaseBert,reinstatement_clause
70,"During the lease term, if Party A fails to timely perform its repair and maintenance duties as agreed herein, thus causing damage to the Premises and property or personal damage to Party B, Party A shall compensate Party B its direct losses.",Repairs,ALeaseBert,landlord_repairs
71,"In case Party B renovates the Premises or adds ancillary facilities without the written consent of Party A or beyond the scope and requirements of Party A’s written consent, or occupies/uses public areas or fire passages without authorization, Party A shall have the right to require Party B to restore the Premises to its original state and compensate the losses arising therefrom.",Termination,ALeaseBert,reinstatement_clause
72,"During the lease term, unless described in this Contract, , if Party A cancels this Contract and take back the Premises before expiration, Party A shall pay Party B a penalty equivalent to 0.5 times of the rental for the remaining lease days (but no more than three months rent). If the penalty is insufficient to cover the direct losses suffered by Party B,",Termination,ALeaseBert,break_option
73,Party A shall also be liable for compensating for the difference.,Termination,ALeaseBert,break_option
74,"Permitted Use: general office, research, and development with commercial CLIA lab, warehouse, and distribution, and subject to the use restrictions identified in Sections 6 and 6.1, any lawful use related or incidental thereto.",Tenant Responsibilities,ALeaseBert,designated_use
75,"Landlord shall maintain the Common Areas and the exterior walls, roof, foundation, common HVAC and other systems (including but not limited to electrical, plumbing, sprinkler, and mechanical) of the building(s) in the Project, and the cost thereof shall be included in Operating Charges subject to the terms and conditions of Section 3.2; provided, however, that if any such repairs shall be occasioned by the negligence or willful misconduct of Tenant, its agents, employees, customers or invitees, or the particular nature of Tenant’s use of the Premises, Tenant shall be responsible for the entire cost of such repairs. Except for the repairs Landlord is specifically obligated to make as set forth above or other terms of this Lease, Tenant shall, at its expense, during the Lease Term, make all other necessary repairs and replacements to the Premises, and keep and maintain the same in good condition and repair so that at the expiration of the Term, the Premises shall be surrendered to Landlord in good condition, ordinary wear and tear, casualty, and damage caused by Landlord, its agents, employees, or contractors excepted. Tenant shall be responsible for repairing any damage to the Building caused by the installation or moving of Tenant’s furniture, equipment and personal property. Tenant shall, at its expense, also repair or replace with glass of equal quality any broken or cracked plate or other glass in doors, windows and elsewhere in or adjacent to the Premises, except for any damage caused by Landlord, its agents, employees, or contractors. Tenant shall not defer any repairs or replacements to the Premises by reason of the anticipation of the expiration of the Term. The surrender of the Premises upon the expiration or early termination of this Lease shall not relieve Tenant of the obligation to pay for all repairs or replacements to the Premises which Tenant was obligated to perform during the Lease Term, which obligation shall survive the expiration or early termination of this Lease. Landlord, at Landlord’s option after at least thirty (30) days’ written notice to Tenant (except no prior notice shall be required in the event of emergency), may elect to perform all or part of the maintenance, repairs and servicing which is the obligation of the Tenant hereunder with respect to the Premises, in which event the cost thereof shall be at Landlord’s option either billed directly to and paid by Tenant as additional rent or included in Operating Charges. Except as aforesaid, in the event that, at the request of Tenant, Landlord performs any maintenance, repairs or servicing of the Premises which is the obligation of Tenant hereunder, then Tenant shall pay Landlord directly therefor.",Repairs,ALeaseBert,landlord_repairs
76,"Tenant shall be responsible for obtaining all utility services in Tenant’s name for the Premises and shall pay for such services as and when payments are due. No discontinuance of any utility service shall relieve Tenant from performing any of its obligations under this Lease, and Landlord shall not be liable for any discontinuation in or failure of any utility service, and no such failure or discontinuation shall be deemed a constructive eviction, unless such discontinuance is caused by Landlord, its agents, employees, or contractors. Tenant shall install separate utility meters for the Premises as part of Tenant’s Improvement Allowance and Tenant shall have its own control for the HVAC system.",Maintenance,ALeaseBert,services_charges
77,"During the entire Term of the Lease, Tenant shall have the exclusive right to use the existing 50 kw natural gas generator serving the Building (the “Existing Generator”). Tenant shall be responsible for connecting the Existing Generator to the electrical system serving the Premises and Landlord shall cooperate with Tenant to complete and maintain such connection. In addition, Tenant shall have the right to install an additional generator in a location near the Existing Generator, such exact location to be approved by Landlord and Tenant, and Tenant shall have the right to bring in additional electrical service to Premises if necessary for Tenant’s business operations.",Maintenance,ALeaseBert,services_charges
78,"Upon the termination of this Lease, by expiration or otherwise, Tenant shall peaceably surrender the Premises to Landlord broom-clean and in good condition and repair consistent with Tenant’s duty to make repairs as provided herein. All Alterations and decorations made to the Premises by Tenant shall remain and be the property of the Landlord unless Landlord shall require Tenant, at Tenant’s expense, to remove any or all thereof and repair the damage caused by such removal, such notice of removal of Alterations to be given to Tenant at the time such Alterations are approved by Landlord. All furniture, equipment and unattached movable personal property owned by Tenant may (and upon Landlord’s request shall) be removed from the Premises by Tenant no later than the termination date, and Tenant shall repair any and all damage caused by such removal. If the Premises are not surrendered upon the termination of this Lease as set forth herein, Tenant shall indemnify Landlord against all loss or liability actually incurred by Landlord resulting solely from delay by Tenant in so surrendering the Premises including, without limitation, any prevailing claim made by any succeeding tenant founded on such delay. Tenant shall also surrender all keys to the Premises and shall inform Landlord of combinations in any locks, safes and vaults, if any, in the Premises.",Termination,ALeaseBert,reinstatement_clause
79,"Gas and water usage, as well as utility costs for the HVAC system, will be prorated and invoiced monthly. Electricity is metered separately and will be invoiced directly from the provider.",Maintenance,ALeaseBert,services_charges
80,"The Demised Premises shall only be used for a purpose that does not violate the zoning ordinances applicable to the Demised Premises and the permitted uses described in the Covenants, Conditions and Restrictions of the Iowa State University Research Park, as amended from time to time, now limited to the following purposes:",Tenant Responsibilities,ALeaseBert,designated_use
81,"1. Laboratories, offices, green houses and other facilities for research, basic, developmental and applied, and consulting, conducted by or for any individual, organization, or concern, whether public or private.",Tenant Responsibilities,ALeaseBert,designated_use
82,"2. Product manufacture or assembly shall be restricted to the manufacture or assembly of technology products which are clearly related to the on-site research and development activities of the tenant, or to manufacturing processes which require high levels of scientific or technological input.",Tenant Responsibilities,ALeaseBert,designated_use
83,3. Pilot plants and test or research facilities in which processes planned for use in production elsewhere can be tested.,Tenant Responsibilities,ALeaseBert,designated_use
84,"4. Incidental operations required to maintain or support any use permitted in paragraphs 1 through 3 above, on the same tract as the permitted use, such as maintenance shops, parking garages, keeping of animals, experimental plots, machine shops, and communications or computer facilities.",Tenant Responsibilities,ALeaseBert,designated_use
85,"5. Services which Landlord deems necessary to assist those uses permitted in paragraphs 1 through 3 above including, but not limited to, accounting, legal, printing, research, day-care, travel planning, and mailing centers. However, such services are to remain ancillary to the primary purpose of the Research Park as described above.",Tenant Responsibilities,ALeaseBert,designated_use
86,6. Recreational facilities predominantly for Research Park tenant use.,Tenant Responsibilities,ALeaseBert,designated_use
87,7. Any other activity expressly agreed upon by Landlord and Tenant.,Tenant Responsibilities,ALeaseBert,designated_use
88,"B. Outside storage (including, without limitation, all motor vehicles such as trucks or trailers) is prohibited without Landlord’s prior written consent.",Tenant Responsibilities,ALeaseBert,designated_use
89,"D. Tenant shall not permit any objectionable, unpleasant or dangerous odors, including but not limited to autoclave odors, smoke, dust, gas, emission, noise or vibrations to emanate from the Demised Premises, nor permit any activity upon the Demised Premises which would constitute a nuisance or would disturb or endanger any other tenant of the Building or of the Research Park.",Tenant Responsibilities,ALeaseBert,designated_use
90,"Landlord shall subject to reimbursement as Operating Costs under Section 5 above maintain the roof, foundation, heating, ventilating and air conditioning system, common areas, exterior grounds and the structural soundness of the exterior walls (including windows, glass, plate glass, door or entries) of the Building in good repair, reasonable wear and tear excepted. Provided, however, Tenant shall repair and pay for any damage caused by Tenant or Tenant’s employees, agents, invitees, licensees, subtenants or contractors, or caused by Tenant’s default hereunder. Tenant shall promptly give Landlord written notice of any defects or need for repairs for which Landlord is responsible, after which Landlord shall have reasonable time to determine whether such repair is needed, and, if so, to repair. Landlord’s liability hereunder shall be limited to the cost of such repairs, maintenance or",Repairs,ALeaseBert,landlord_repairs
91,curing of defect and Landlord shall not be liable for costs or damages to Tenant or its property resulting from the defect.,Repairs,ALeaseBert,landlord_repairs
92,"Tenant shall not damage any wall or disturb the integrity and support provided by any wall. Tenant shall, at its own cost and expense, promptly repair any damage or injury to any part of the Building or grounds caused by Tenant or its employees, agents or invitees.",Repairs,ALeaseBert,damage
93,"Tenant shall pay before delinquency all charges for separately metered water, electricity, telephone service and other similar charges incurred by Tenant with respect to and during its occupancy of the Demised Premises. Utilities which are not separately metered shall be included in Operating Costs defined in Section 5 of this Lease. Landlord reserves the right to separately meter any utility to the Demised Premises. Tenant shall be responsible for determining its particular electrical service needs and for furnishing and installing any transformer(s). Landlord, Iowa State University, and the City of Ames, Iowa shall not be liable for damage or loss incurred by Tenant as a result of electrical system failure or malfunction.",Maintenance,ALeaseBert,services_charges
94,"Tenant shall not assign, transfer or encumber this Lease or sublet the whole or any part of the Demised Premises without prior written consent of Landlord which consent may be withheld in its sole discretion. Upon any permitted assignment, transfer or sublease, Tenant shall remain directly, and fully responsible and liable for the payment of all rent and other sums herein specified and for compliance with all other obligations of the tenant hereunder. This Lease shall be binding on and for the benefit of Tenant’s assignees and transferees with the same effect as if they were mentioned in each instance where Tenant is referenced. Tenant shall promptly deliver to Landlord a true and complete copy of every assignment or sublease.",Tenant Responsibilities,ALeaseBert,sublease_permitted
95,"At the termination of this Lease, Tenant shall yield up immediate possession to Landlord, shall remove all of its goods and effects and shall deliver all keys to the Research Park and the Demised Premises to Landlord. Possession of the Demised Premises shall be delivered to Landlord peaceably and in substantially similar condition as at the commencement of the Lease, ordinary wear and tear excepted, subject to restorations and repairs as determined pursuant to Section 11 hereof. The Demised Premises and all suites/labs used by Tenant shall be free of hazardous substances. Tenant’s obligation to perform pursuant to this section shall survive termination of the Lease. If Landlord agrees in writing that Tenant may hold over after the expiration or termination of this Lease, the holdover tenancy shall be subject to termination by Landlord at any time upon not less than thirty (30) days advance written notice, or by Tenant at any time upon not less than thirty (30) days advance written notice. All other terms and provisions of this Lease shall be applicable during the holdover tenancy, except that Tenant shall pay Landlord as rental through the period of any holdover an amount equal to one and one-half times the base rent and operating costs in effect on the termination date. Such rental shall be computed on a daily basis for each day of the holdover period. No holding over by Tenant, without consent of Landlord, shall extend this Lease except",Termination,ALeaseBert,reinstatement_clause
96,as otherwise expressly provided herein. This section may not be interpreted for any purpose as a consent by Landlord to any holdover by Tenant.,Termination,ALeaseBert,reinstatement_clause
97,The designated usage of the Premises is for storage and simple packaging.,Tenant Responsibilities,ALeaseBert,designated_use
98,"Party A shall have the right to take back the Premises upon the expiration of the term of the lease, and Party B shall return the Premises punctually. If Party B wishes to renew the lease, a written request shall be provided to Party A three months prior to the expiration of the term of the lease. Subject to Party A’s consent to the renewal, a new lease contract shall be executed.",Termination,ALeaseBert,reinstatement_clause
99,"During the tenancy, Party B shall bear the costs of water, electricity, gas, telecom and equipments relating to the use of the Premises.",Maintenance,ALeaseBert,services_charges
100,"In respect of any damage or breakdown of the Premises or accessory facilities as a result of the improper use of Party B, Party B shall be liable for the reparation. In the event that Party B refuses to repair them, Party A may repair them instead at the cost of Party B.",Repairs,ALeaseBert,landlord_repairs
101,"Party B shall return the Premises to Party A within one day after the expiration of the tenancy unless Party A agrees to renew the lease. If Party B fails to return the Premises punctually without the consent of Party A, it shall pay the rent to Party A for the period of actual occupation of the Premises. At least the amount equal to one month’s rent shall be charged.",Termination,ALeaseBert,reinstatement_clause
102,Party B shall return the Premises in a condition consistent with the Premises having been used normally. Party A shall inspect the Premises when the Premises are returned and the parties hereto shall settle the fees that they are respectively responsible for.,Termination,ALeaseBert,reinstatement_clause
103,"Party B may not sublet part or the whole of the Premises to another party during the tenancy, unless approved by Party A in writing.",Tenant Responsibilities,ALeaseBert,sublease_permitted
104,"Both parties agree that if any of the following events occurs, either party may inform the other party upon a written notice to terminate this Contract. The defaulting party shall pay the other party a penalty as liquidated damages equal to three times of the monthly rent. If the said liquidate damages are insufficient to make up for the losses suffered by the other party, the defaulting party shall further compensate for the balance thereof:",Termination,ALeaseBert,break_option
105,"Having failed to hand over the Premises punctually, Party A again fails to hand over the same within 15 days from the date of Party B’s written demand.",Termination,ALeaseBert,reinstatement_clause
106,"Party A shall be liable to compensate Party B for its property damage or personal injury occasioned by Party’s failure to perform its obligations as contained herein related to the reparation and maintenance of the Premises during the tenancy, which causes damage to the Premises.",Repairs,ALeaseBert,damage
107,"In the event that Party A early terminates this Contract and take bake the Premises other than in accordance with the provisions herein contained during the tenancy, it shall pay Party B a penalty as liquidated damages equal to twice of the rent for the days of the early termination. If the liquidated damages are not sufficient to make up for Party B’s losses, Party A shall further compensate Party B.",Termination,ALeaseBert,break_option
108,"The Lessee will not be entitled to terminate the period of lease prior to the end of the period of lease. Any cessation of use of the leased premises and/or vacating of the leased premises by the Lessee prior to the end of the period of lease will not release the Lessee from his liabilities according to this contract, including, but",Termination,ALeaseBert,break_option
109,without prejudicing the generality of the above mentioned – Lessee’s liability to pay the Leaser due lease.,Termination,ALeaseBert,break_option
110,The Lessee undertakes not to use the leased premises for any purpose whatsoever in any way whatsoever except for the purpose of the lease as specified in Appendix A. The instructions of this section represent a fundamental condition to this contract and a breach of them will represent a fundamental breach of the contract.,Tenant Responsibilities,ALeaseBert,designated_use
111,"The tenant shall participate in all the expenses of the management company in carrying out the services as defined in section 10.1 (hereinafter: “the management expenses”) on the basis of their cost, including relevant financing costs and in addition to consideration to the management company at a rate of 15% of the management expenses (cost +15%) and with the addition of lawful VAT. It is clarified that to the extent that in this contract use is made of the term “management fees” — the intention is both to the management expenses and to the consideration for the management company as aforesaid.",Maintenance,ALeaseBert,services_charges
112,The Tenant shall not be entitled to assign and/or transfer its rights hereunder as a whole or in part except with the Landlord’s prior written consent. Any conditions established by the Landlord for such assignment or transfer shall be complied with in advance thereof.,Tenant Responsibilities,ALeaseBert,sublease_permitted
113,"The Tenant undertakes not to transfer the rental of the premises or part thereof to any third person; not to deliver, hand over or sublet the premises or part thereof; not to include any third person in the maintenance and/or use of and/or benefit from the premises or part thereof and/or the business being conducted on the premises; not to grant any beneficiary or other right with regard to the premises or part thereof, whether or not for a consideration.",Tenant Responsibilities,ALeaseBert,sublease_permitted
114,"In the event of the premises not being in the condition defined in art. 19.1 at the time of its vacation and delivery to the Landlord, the Landlord shall be entitled to one of the following options: to collect from the Tenant on first demand all the expenses to be made by the Landlord for restoring the premises to their required condition, including all the expenses involved therewith, plus compensation for any damage, loss and profits foregone resulting from the state of the premises and/or the need for restoring the original state of the premises, or to establish that the Tenant has failed to vacate the premises as provided by the contract, whereupon the provisions hereof regarding a failure by the Tenant to vacate the premises shall apply.",Termination,ALeaseBert,reinstatement_clause
115,Use: Office,Tenant Responsibilities,ALeaseBert,designated_use
116,"Guaranty Money of the Lease: KRW six hundred thirty one million and one hundred twenty thousand (KRW 631,120,000)",Security Deposit,ALeaseBert,guarantee_transferable
117,"Monthly Management Expenses: KRW fourteen million and nine hundred eighty nine thousand and one hundred (KRW 14,989,100 excluded VAT). However, in 2007, the rent will be calculated by KRW 20,000 per “pyeong” (35.583 square feet)",Maintenance,ALeaseBert,services_charges
118,Due Date of Management Expenses: twenty-fifth of every month,Maintenance,ALeaseBert,services_charges
119,"If ‘B’ wishes to cancel the whole contract or partial contract corresponding not less than 50% of total rental space during the lease term, ‘B’ shall notify ‘A’ in writing 5 months in advance without fail. If ‘B’ wishes to cancel the partial contract corresponding not more than 50% of total rental space during the lease term, ‘B’ shall notify ‘A’ in writing 2 months in advance without fail.",Termination,ALeaseBert,break_option
120,"In this case, this contract is terminated after 5 months or 2 months, respectively, from the day when ‘A’ receives the written notification.",Termination,ALeaseBert,break_option
121,"If ‘B’ wishes to cancel the contract before elapse of 5 months or 2 months commencing from the day when ‘A’ receives the written notification in accordance with Clause 3 of Article 4, ‘B’ shall pay ‘A’ amount calculated at the annual interest rate of 15% against the guaranty money for the term ranging from the next day of contract cancellation to the date elapsed due 5 months or 2 months, rent and management expenses. However, the term for imposing penalty shall be until either the date elapsed due 5 months or 2 months from the day when ‘A’ receives written notification of contract cancellation or expiry date of lease contract, whichever comes earlier.",Termination,ALeaseBert,break_option
122,"Guaranty Money paid by ‘B’ under the previous contract (KRW 395,712,000 for Suite 201~202 & 205~206; KRW 115,232,000 for Suite 203; KRW 60,976,000 for Suite 204; KRW 59,200,000 for Suite 215: Total Guaranty Money: KRW 631,120,000) shall be considered as the Guaranty Money for this renewal contract.",Security Deposit,ALeaseBert,guarantee_transferable
123,All Guaranty Money shall be deposited to ‘B’ without interest.,Security Deposit,ALeaseBert,guarantee_transferable
124,"‘A’ shall return the Guaranty Money to ‘B’ within fourteen days if ‘B’ returns the rent object in original good condition to be inspected by ‘A’. In case there is a delay of returning Guaranty Money, ‘A’ shall return the Guaranty Money with 15% of interest per annum.",Termination,ALeaseBert,reinstatement_clause
125,"For every 50 pyeong leased, ‘B’ is entitled to park one vehicle at the parking lot of the building free of charge. For additional parking, extra management expenses specified by ‘A’ shall be imposed.",Maintenance,ALeaseBert,services_charges
126,"In case that ‘B’ commits any of the following behaviors, ‘A’ is entitled to cancel this contract without prior notification, retrieve the object matter and take necessary legal actions.",Termination,ALeaseBert,break_option
127,A. Nonpayment of rent or other charges for more than 2 months,Termination,ALeaseBert,break_option
128,B. In case that the right to claim the restitution of guaranty money is subject to the right of pledge or other mortgage or compulsory execution,Termination,ALeaseBert,break_option
129,C. In case that ‘B’ is in bankruptcy or insolvency; in case that transference of the property or composition is in effect with his creditor to settle liabilities and application for the liquidation of company owned by ‘B’ is made,Termination,ALeaseBert,break_option
130,D. Breach of any provisions in this contract,Termination,ALeaseBert,break_option
131,"In case that this contract is terminated, ‘B’ shall move out his belongings and property before the terminating date, return keys and property of ‘A’ to ‘A’ and vacate all object matter of the lease.",Termination,ALeaseBert,reinstatement_clause
132,"‘B’ shall move out the equipment, partition and other structural facilities installed by him at his cost to ensure restoration to the original state as that of the time when this contract was concluded.",Termination,ALeaseBert,reinstatement_clause
133,"If ‘B’ evacuates without moving out his belongings or property or restoring the object matter to its original state, ‘B’ shall pay ‘A’ penalty which is in double of the normal rent for the period from the expiry date of this contract to the date when evacuation or restoration is actually completed. Normal rent is the sum of amount calculated by applying annual interest rate of 15% to guaranty money, rent and management expenses.",Termination,ALeaseBert,reinstatement_clause
134,"‘A’ shall bear the repair expense for the naturally worn or discolored wall, ceiling, floor, etc. of the object matter of the lease. ‘B’ shall bear the other repair expense",Repairs,ALeaseBert,landlord_repairs
135,"In case that any part in need of repair is found by ‘B’ as described in above clause, ‘B’ shall immediately notify it to ‘A’. Even though repair is to be done by ‘B’, ‘B’ shall discuss with ‘A’ in advance.",Repairs,ALeaseBert,landlord_repairs
136,TheTenant covenants to pay to the Landlord at all times during the Term:-,Maintenance,ALeaseBert,services_charges
137,the Service Charge;,Maintenance,ALeaseBert,services_charges
138,The Service Charge and any Value Added Tax chargeable on it shall be paid in accordance with clause 32 provided that the Tenants obligation to pay any Value Added Tax chargeable on the Service Charge shall be suspended unless and until the Tenant shall be in receipt of a valid Value Added Tax invoice.,Maintenance,ALeaseBert,services_charges
139,The Tenant shall:-,Maintenance,ALeaseBert,services_charges
140,"pay all charges for electricity, gas (if any) and water and other services and all sewage and environmental charges consumed in the Premises, including any connection and hiring charges and meter rents; and",Maintenance,ALeaseBert,services_charges
141,"perform and observe all present and future lawful regulations and requirements of the electricity, gas and water, telecommunications and other service supply companies or boards in respect of the supply and consumption of relevant services on the Premises; and",Maintenance,ALeaseBert,services_charges
142,"Subject to clause 11.2, the Tenant shall:-",Repairs,ALeaseBert,landlord_repairs
143,"repair and keep in good and substantial repair and condition the Premises and, as often as may be necessary to comply with the obligation to repair and keep the Premises in good and substantial repair and condition to (i) reinstate any damage or destruction or (ii) renew the whole or any part of them; and",Repairs,ALeaseBert,landlord_repairs
144,"Immediately prior to the expiration or earlier determination of the Term (unless the Tenant has entered into a new lease of the Premises in which case the obligation shall be deferred until the expiry or determination of the term of such new lease), the Tenant shall at its cost:-",Termination,ALeaseBert,reinstatement_clause
145,"remove from the Premises any sign, writing or painting of the name or business of the Tenant or any occupier of them and all tenants fixtures, fittings, furniture and effects and make good, to the reasonable satisfaction of the Landlord, all physical damage caused (whether to the Premises or other parts of the Building) by such removal;",Termination,ALeaseBert,reinstatement_clause
146,The Tenant shall not underlet any part or the whole of the Premises without on each occasion procuring that:-,Tenant Responsibilities,ALeaseBert,sublease_permitted
147,"each floor of the Premises shall not at any time be in the occupation of more than four (4) persons, the Tenant and any Group Company or Group Companies and any Associated Entities which is or are permitted to share occupation under clause 19.2 counting as one;",Tenant Responsibilities,ALeaseBert,sublease_permitted
148,"in the case of an underlet of part, the part of the Premises to be underlet shall comprise a Subletting Unit only;",Tenant Responsibilities,ALeaseBert,sublease_permitted
149,"The Tenant shall not underlet the whole of the Premises or underlet a Subletting Unit otherwise than on terms consistent with those being offered in the open market or at a fine or premium or at a rent less than the open market rent of the Premises or, in the case of a Subletting Unit, of the Subletting Unit in question in each case at the time of such underlease.",Tenant Responsibilities,ALeaseBert,sublease_permitted
150,"Without prejudice to the other provisions of this clause, the Tenant shall not underlet the whole of the Premises or underlet a Subletting Unit, without the prior written consent of the Landlord, such consent not to be unreasonably withheld or delayed.",Tenant Responsibilities,ALeaseBert,sublease_permitted
151,"The rental fees (i.e., the rent plus the basic air-conditioning fees plus the public utilities fees) for the Premises shall be charged from April 15, 2014.",Maintenance,ALeaseBert,services_charges
152,"Air-conditioning maintenance fees, water and power charges, property management fees, special maintenance funds and any other fees or charges payable by Party B shall be charged from February 15, 2014, unless otherwise provided.",Maintenance,ALeaseBert,services_charges
153,"Basic air-conditioning fees: at the rate of RMB 30 per square meter per month, the monthly basic air-conditioning fees shall be RMB 44,755 (FORTY FOUR THOUSAND SEVEN HUNDRED AND FIFTY FIVE). In addition, the use of air conditioning shall be separately charged based on the volume actually used.",Maintenance,ALeaseBert,services_charges
154,"Public utilities Fees: at the rate of RMB 32 per square meter per month, the monthly public utilities fees shall be RMB 44,738 (FORTY FOUR THOUSAND SEVEN HUNDRED AND THIRTY EIGHT).",Maintenance,ALeaseBert,services_charges
155,Party A shall not charge Party B any fees that are not expressly set out to be borne by Party B hereunder.,Maintenance,ALeaseBert,services_charges
156,"Within the lease term, any taxes or fees in connection with the houses and lands of the Premises shall be assumed by Party A pursuant to applicable laws. In the event that any governmental authority or relevant unit charges any fees that are not set out hereunder but are related to the Premises, such fees shall be borne by Party A; provided, however, that any fees expressly set out by the governmental authority or relevant unit to be paid by Party B (the lessee) shall be borne by Party B.",Maintenance,ALeaseBert,services_charges
157,"At the new refrigerating meter testing stage: during the three months beginning from the date Party B applies to the property management company for access to cold water, the use of air conditioning is charged at the rate of RMB 10/m2/month",Maintenance,ALeaseBert,services_charges
158,"Upon the expiration or early termination of this Contract pursuant to the agreement of both parties or as required by law, Party B can remove all removable furniture and electronic appliance in the Premises; provided, however, that all fixtures in the Premises shall belong to Party A for free who is not required to make any compensation to Party B, and Party B shall not dismantle or intentionally destroy such fixtures, failing which it shall be responsible for compensation. The fixtures refer to all decorations and relevant equipment and facilities in the Premises other than the office furniture and electronic appliances that are purchased by Party B and can be removed without being dismantled, including but not limited to:",Termination,ALeaseBert,reinstatement_clause
159,"if Party B gives Party A a three-month prior written notice and have leased the Premises for more than two years without any other default, Party A shall return all rental deposits to Party B;",Termination,ALeaseBert,break_option
160,"if Party B gives Party A a three-month prior written notice and have no other default, but have leased the Premises for less than two years, Party A shall only return half of the rental deposits to Party B, and withhold the other half as the liquidated damages of Party B; if Party B fails to give Party A a three-month prior written notice, no matter whether Party B have leased the Premises for more than two years or not, Party A shall not return any rental deposits to Party B.",Termination,ALeaseBert,break_option
161,"Prior to the expiration of this Contract, Party A shall not early terminate this Contract unilaterally, except as otherwise provided by this Contract or laws.",Termination,ALeaseBert,break_option
162,Party B takes the liberty to sublet or otherwise dispose of the Premises or ancillary facilities of Party A without the written consent of Party A.,Tenant Responsibilities,ALeaseBert,sublease_permitted
163,"During the rental term, Party B should bear all the fees incurred for water, electricity, gas and premises administration.",Maintenance,ALeaseBert,services_charges
164,"In case the premise and attached facilities are damaged by quality problems, natural damages or disasters, Party A will be responsible for repair and must pay the relevant expenses.",Repairs,ALeaseBert,landlord_repairs
165,Party B will not transfer the lease of the premises or sublet it without Party A's approval,Tenant Responsibilities,ALeaseBert,sublease_permitted
166,"During the rental, Party B is not allowed to lease all or part of the premises to a third party without the written consent of Party A.",Tenant Responsibilities,ALeaseBert,sublease_permitted
167,"If both parties mutually agree through negotiations, the contract can be changed or cancelled.",Termination,ALeaseBert,break_option
168,"If Party B does any of the following, Party A can break the contract and has the right to take back the premises and get twice the rent as liquidated damages by the month. In case the default fine is not sufficient to cover the loss suffered by the faultless Party, the Party in breach should pay additional compensation to the other Party:",Termination,ALeaseBert,break_option
169,"Changing the use of the house without the approval of Party A, which causes damages to the house",Termination,ALeaseBert,break_option
170,There is principal structural damage to the house caused by Party B.,Termination,ALeaseBert,break_option
171,"Without approval from Party A, subleasing ,transferring the lease items or making subtenancy, transpose.",Termination,ALeaseBert,break_option
172,Delaying in rent payment for more than 2 months.,Termination,ALeaseBert,break_option
173,"During the leasing period, if Party B terminates the lease in advance without the consent of Party A，Party B should pay a penalty of twice the rent based on the days remaining in the contract. If the penalty is not sufficient to cover such items, Party A shall bear additional compensation, which can be withheld from the deposit by Party A. If the deposit is insufficient，Party B should pay the remainder in other ways.",Termination,ALeaseBert,break_option
174,Lessee shall not hire leasehold to third parties as well as shall not leave leasehold to third parties for these latter to avail themselves of its use without seeking approval for in writing from Ankara Cyberpark. Practice to the contrary shall be left to the discretion and approval in writing of Ankara Cyberpark. Lessee is not entitled to make any statement or to take on any obligation as to putting a personal or in kind limitation whatsoever on leasehold.,Tenant Responsibilities,ALeaseBert,sublease_permitted
175,The deposit of TRY 11.527 (eleven thousand five hundred and twenty seven new Turkish liras) that was paid by the Lessee along the previous contract dated 8/8/2005 is transferred to this contract as a security deposit. This refundable security deposit is to be returned to the Lessee in the end of the lease term if the leasehold is returned in the same.,Security Deposit,ALeaseBert,guarantee_transferable
176,"Changhe admits and Zhongtulian recognizes this Premise has and serves complex purpose as per housing planning (Purpose). Zhongtulian undertakes to utilize this Premise subject to this Purpose. Zhongtulian may and shall at its sole discretion, decide whether this Purpose will meet its true intention of premise utilization, and shall thereby accept liability for such utilization on its own. On no circumstance shall Changhe accept any liability and obligation whatsoever for this Purpose adequate or not to satisfy Zhongtulian's intention of premise utilization.",Tenant Responsibilities,ALeaseBert,designated_use
177,Any loss/damages that arise from the Decoration Works are at Zhongtulian to compensate.,Repairs,ALeaseBert,damage
178,"At contract termination, Zhongtulian shall restore reconstruction/decoration works that alterthe Premise’s initial structure. The restoration cost is at Zhongtulian's account without compensation from Changhe.",Termination,ALeaseBert,reinstatement_clause
179,"Without Changhe prior consent, Zhongtulian is denied to sublease this Premise (sublease shall mean any form of activity to lease this Premise to third party for utilization or use together). Default in sublease shall entitle Changhe to cancel this Contract. If sublease is accepted under Changhe's consent in writing, Zhongtulian shall accept the joint and several liabilities for tenant. Unless Changhe prior consent, sublease is deemed to take effect if Zhongtulian is one of the followings:",Tenant Responsibilities,ALeaseBert,sublease_permitted
180,"(1) Partner structure has change, in case of partnership;",Tenant Responsibilities,ALeaseBert,sublease_permitted
181,"(2) Death, becoming disabled or insane in case of individual (sole proprietorship inclusive);",Tenant Responsibilities,ALeaseBert,sublease_permitted
182,"(3) Liquidation, dissolution, business combination, M&A, change in shareholders as holder of majority of voting share;",Tenant Responsibilities,ALeaseBert,sublease_permitted
183,(4) Sublease under other circumstances without prior Changhe’s consent in writing.,Tenant Responsibilities,ALeaseBert,sublease_permitted
184,This Contract is accepted to cancel through negotiation together.,Termination,ALeaseBert,break_option
185,"Zhongtulian may cancel this Contract ex parte since after Changhe has one of the events of default as follows. In this case, the Security Deposit and Rent at balance under the previous receipt shall be returned to Zhongtulian without bearing interests and Zhongtulian shall otherwise be compensated at liquidated damages, using the sum twice as much as the Security Deposit:",Termination,ALeaseBert,break_option
186,(1) This Premise is late to deliver for a period of 15 full days;,Termination,ALeaseBert,break_option
187,(2) This Premise at delivery is less than the Purpose as identified herein;,Termination,ALeaseBert,break_option
188,(3) Substantial structure of this Premise at delivery has defects and may expose Zhongtulian to danger.,Termination,ALeaseBert,break_option
189,"Changhe may cancel this Contract ex parte, immediately after Zhongtulian has one of the events of default as follows.",Termination,ALeaseBert,break_option
190,"(1) Has default in payment for the Rent, PMF or Miscellaneous Charges for a period of 15 full days or such default valued at RMB10000 in accumulation;",Termination,ALeaseBert,break_option
191,"(2) Take activities to change the Purpose, alter the Premise or damage its substantial structure without prior consent;",Termination,ALeaseBert,break_option
192,(3) Carry out illegal activities under disguise of this Premise;,Termination,ALeaseBert,break_option
193,(4) Fail to correct wrongdoing against the Contract 15 days since after receipt of correction notice.,Termination,ALeaseBert,break_option
194,"Security Deposit: $7,000.00 ; shall be due at time of execution.",Security Deposit,ALeaseBert,guarantee_transferable
195,"During the Lease Term, the Premises shall be used solely for the purpose as a bed & breakfast and event center, including administrative office and related uses. Landlord agrees that Tenant may permit the use of marijuana by Guests and their visitors on premises in designated areas, provided Tenant requires all guests/invitees to sign the applicable waiver of liability, Exhibit C and Tenant agrees to use reasonable efforts to mitigate the odors through the installation in all areas where consumption of marijuana is permitted an adequately sized UL certified ozone machines or/and or charcoal filtration devices.",Tenant Responsibilities,ALeaseBert,designated_use
196,"If Tenant fails to keep and preserve the Land or Buildings as required in this Section 8, then the Landlord may, at its option, following thirty (30) days’ prior written notice to the Tenant in which the failure is identified, make necessary repairs or maintenance. In such case, Tenant shall pay the entire cost of the repair or maintenance to the Landlord within 10 days of receipt of written notice from Landlord, Failure of Tenant to pay within such 10-day period shall be considered to be a default.. Notwithstanding the foregoing, the notice requirement in this section 8.4 may be shortened or given by telephone or facsimile transmission (as the circumstances may require or permit) if the repair presents an emergency which requires immediate correction.",Repairs,ALeaseBert,landlord_repairs
197,"Tenant shall pay the continuing costs and charges of all utility services provided to the Premises. If Tenant elects to discontinue one utility service in favor of another, then Tenant shall be responsible for payment of all disconnect and hook-up charges.",Maintenance,ALeaseBert,services_charges
198,"Tenant shall not, without the prior written consent of Landlord, assign this Lease or sublet any portion of the Premises to any party. Any request by Tenant for Landlord’s consent to a proposed assignment or sublease shall be accompanied by a copy of the proposed assignment or sublease, the identity and address of the proposed assignee or subtenant, details regarding the proposed use of the Premises by the proposed assignee or subtenant, including any proposed changes or alterations to the Premises, and current financial statements (balance sheet and income statement) for the proposed assignee or subtenant. Consent to one assignment or subletting shall not be deemed to constitute consent to any other assignment or subletting. Any such assignment or sublease shall not release Tenant from any obligation under this Lease.",Tenant Responsibilities,ALeaseBert,sublease_permitted
199,"If any part of the Premises, or public access to the Premises, is taken by eminent domain or by agreement between Landlord and those authorized to exercise such right, Tenant or Landlord may elect to terminate this Lease by giving written notice to the other party within the 30-day period following Landlord’s written notice to Tenant describing the nature and extent of the taking. The termination date shall be the date of the taking, and upon such termination, Tenant shall have no further interest in the Premises. Except as provided in this Section, this Lease shall not be terminated or otherwise affected by any exercise of the right of eminent domain",Termination,ALeaseBert,break_option
200,"This Premise shall be returned to Changhe three (3) days since after end of this Contract. At return, this Premise shall be in clean and good conditions. Within the Premise, corridor walls after previous removal (these walls after removal shall be replaced with glass walls, whose upper opening has vent to enable air circulation) shall be recovered back to the initial state. Return procedures are processed together only after these walls are completed for recovery. After removal of private goods off from this Premise and return of the key, Zhongtulian shall return the premise to Changhe and finish conducting the procedures that deregister/change the Premise as registered place of business (e.g. energy supply account is ascribed to Zhongtulian in its name, this account shall be transferred to Changhe or its designee of third party seven (7) days since after contract end); sign Delivery Summary with Changhe to acknowledge the Premise at return. This Delivery Summary is worked to reflect the state of Premise at return only and Zhongtulian is not thereby treated as fully discharged its duty to return, unless this Delivery Summary has Changhe's notes that acknowledge this Premise meets return conditions and this return has taken effect. Zhongtulian shall use efforts to process and finish troubles or defects as mentioned in the Delivery Summary to take effect the return and removal or may alternatively appoint Changhe to do so in its stead; provided Changhe shall thereby be paid compensation to cover the cost of services as appointed above.",Termination,ALeaseBert,reinstatement_clause
201,Zhongtulian shall reflect damages in the Premise to which it is ascribed under an immediate notice. Changhe/PSP may take action to restore damages when these damages are either acknowledged at notice receipt or within regular inspection and thereby levy restoration cost on Zhongtulian to settle;,Repairs,ALeaseBert,damage
202,"Since after one of the followings, either parties of Changhe and Zhongtulian may immediately cancel this Contract, without thereby accepting cancellation liability for contract cancellation; provided Changhe shall return the previous receipt of Security Deposit and Rent at balance to Zhongtulian without bearing interests:",Termination,ALeaseBert,break_option
203,(1) This Premise is ascribed to relocation extent due to municipal works to commence under laws;,Termination,ALeaseBert,break_option
204,"(2) This Contract has to be discontinued after the Premise has breakage, loss or other damages that disable to take effect regular possession any more, due to earthquake or other force majeure circumstances;",Termination,ALeaseBert,break_option
205,(3) Either parties of Zhongtulian or Changhe goes into bankruptcy or liquidation proceedings;,Termination,ALeaseBert,break_option
206,"The leased premises usage is limited to PARTY A’s ratified operation of PARTY C, and any subtenancy or sublet to the third party is not allowed without the prior consent of PARTY A, which shall not be unreasonably withheld.",Tenant Responsibilities,ALeaseBert,sublease_permitted
207,"A deposit equal to two months’ standard rental is RMB 65046.28 in total. It shall be fully and promptly returned to PARTY C at the expiration of the contract, or in the event of PARTY A breaching the contract. In case PARTY C breaches this contract with any actual loss caused to PARTY A, PARTY A has the right to deduct the relevant compensation for actual loss from the deposit. In case the deposit is not sufficient to cover such items, PARTY A has the right to claim for compensation for actual loss.",Security Deposit,ALeaseBert,guarantee_transferable
208,"The rental fee will not cover electricity, water and other related service charges. Public share for water and electricity will be charged according to actual monthly consumption, as well as office architectural area. Such fees may vary with Xiamen governmental charge adjustment. Other service expenses will be settled in detail under particular circumstances in accordance with relevant regulations.",Maintenance,ALeaseBert,services_charges
209,"Either party may terminate the contract upon thirty (30) calendar days’ written notice to the other party in the event of illegal operation by the other party if such illegal operation is not cured within such thirty (30) days period. Under such circumstances, the terminating party may claim compensation from the breaching party if such illegal operation causes actual loss to the terminating party.",Termination,ALeaseBert,break_option
210,"The Tenant undertakes to vacate the premises not later than the expiry of the rental period and/or in case of termination hereof by the Landlord following a breach hereof by the Tenant, to vacate the premises and deliver them to the Landlord free and empty of any person and object, the premises being in a good, proper and orderly condition as obtained by the Tenant, barring reasonable wear and tear resulting from a reasonable, prudent use by the Tenant. It is agreed for the sake of clarity that the Tenant shall whitewash the premises at its expense using a paint or whitewash of a color, material and quality as originally obtained from the Landlord.",Termination,ALeaseBert,reinstatement_clause
211,"The vacation of the premises and their return to the Landlord shall take place in the presence of the Landlord and the Tenant; these shall draft a vacation protocol that reflects the status of the premises. In the case of vacation conducted in the absence of the Tenant for causes attributable to the Tenant, the said protocol shall be drafted by the Landlord and its content shall be binding on the Tenant.",Termination,ALeaseBert,reinstatement_clause
212,"The Lessor would be allowed to terminate this contract, despite any instruction in the contract concerning the extent of the lease, and demand an immediate eviction of leased property, by a preliminary notice of ten (10) days (hereinafter “Annulment Notice”), handing out of the Right of Possession into the Lessor hands, in any of the forthcoming cases:",Termination,ALeaseBert,break_option
213,The Lessee has made a fundamental violation of the contract or of one or more of its indispensable instructions.,Termination,ALeaseBert,break_option
214,"The Lessee has made a non-fundamental violation of the contract, and failed to remedy this breach within 30 days from the day he was asked to do so.",Termination,ALeaseBert,break_option
215,"The Lessee, or someone of its individuals, accordingly, has passed away and/or an application was set before a certified Court for its winding up, bankruptcy, appointment of a trustee, a receiver, a temporary liquidator, an official receiver, preliminary receiver, a receiver for a significant part of the Lessee assets, a request for foreclosure on a significant part of Lessee assets, and the like, and such order was issued by the Court according to such application, or that application was not cancelled or dismissed within 45 days from its presentation in Court, and/or if the Lessee itself presented a request for its winding up or bankruptcy, and/or requested Court’s intervention in a creditors’ settlement.",Termination,ALeaseBert,break_option
216,"The guaranties and/or other collaterals given to assure the existence of this contract, in full or partly, had expired, or terminated, or declared by a certified Court to be annulled, or invalid, for any reason whatsoever.",Termination,ALeaseBert,break_option
217,"Without diminishing from the above said, and despite what is said in that paragraph, it is agreed that subject to these forthcoming conditions, the Lessee would be allowed to shorten the Duration of the Lease, and bring it to an earlier end in one out of the two following dates: (A) At the end of the third year of the lease, and; (B) at the end of the fourth year of said lease. This Lessee’s right is subject to the condition, that the Lessee would give the Lessor a written notice, unconditional and without reservations, about his will to shorten Lease Duration, quoting the exact date chosen by him, between the two alternatives, for ending Lease Duration, at least 120 days prior to that date, and with additional condition, that along with that request the Lessee would pay the Lessor a compensation payment, in NIS, equal to $154,000 (hundred fifty four thousand USD) plus VAT in case of ending the Lease at the end of the third year, or a sum equal to $77,000 (seventy seven USD) plus VAT in case of ending the Lease at the end of the fourth year, where these sums are calculated by the Basic USD Rate and indexed by the Basic Index Rate.",Termination,ALeaseBert,break_option
218,All electric services for the premises shall be provided by the Landlord.,Maintenance,ALeaseBert,services_charges
219,"The billing of the Tenant for the delivery of electric services shall be according to the reading of an electric meter which shall measure the supply of electricity to the premises, plus charges for the use of joint electric facilities, insurance of electric",Maintenance,ALeaseBert,services_charges
220,"facilities, maintenance of electric facilities etc., everything as stipulated herein below in this appendix.",Maintenance,ALeaseBert,services_charges
221,The Tenant shall be liable for any damage caused to electric equipment and/or facilities on the premises and/or of the electric system outside the premises as a result of operation of an electric facility in a faulty condition as stated hereinabove.,Repairs,ALeaseBert,damage
222,The Premises are for office purpose.,Tenant Responsibilities,ALeaseBert,designated_use
223,"Party B warrants to Party A that the Premises will be used for the economic activities specified in the business license of Party B and that Party B will abide by the national and municipal rules regarding the use of houses and Shanghai Caohejing Development Zone’s rules regarding industrial development, environmental protection and property management.",Tenant Responsibilities,ALeaseBert,designated_use
224,"Party B warrants that, without prior written consent of Party A and without approval by relevant authorities during the term hereof, it will not change the use of the Premises as agreed in the previous paragraph.",Tenant Responsibilities,ALeaseBert,designated_use
225,"It is agreed by Party A and Party B that, within 10 days (calendar days) after this Contract takes effect, Party B shall pay to Party A the lease deposit for the lease of the Premises. The lease deposit shall be equal to 3 months’ rent, i.e., Renminbi one million two hundred and two thousand nine hundred and three point eighty-six yuan (RMB1,202,903.86).",Security Deposit,ALeaseBert,guarantee_transferable
226,"During the lease term hereunder, Party B shall bear all the expenses incurred by the Premises for water, electricity, gas, telecommunications, equipment, etc.",Maintenance,ALeaseBert,services_charges
227,"Party B shall at its own expense apply to relevant departments for completing formalities for using power, gas, telecommunications, etc., and bear all the relevant expenses incurred for installing such facilities.",Maintenance,ALeaseBert,services_charges
228,"During the lease term hereunder, if Party B discovers any natural damage to the Premises or any of its accessory facilities, it shall promptly notify the property management company designated by Party A to repair such damage. When repairing the Premises and its accessory facilities, Party B shall actively provide assistance and cooperation. If any act or omission on the part of Party B makes it impossible to repair the damage in a timely manner, Party B shall bear the consequences.",Repairs,ALeaseBert,damage
229,"Unless Party A agrees to renew this Contract with Party B and signs the renewal contract with Party B, Party B shall return the Premises when the lease term hereunder matures or when this Contract is rescinded or terminated for any reason whatsoever. If Party B fails to return the Premises after the due time without prior consent of Party A, Party B shall, for each day after the due time, pay to Party A an amount equal to two times the daily rent as the fee for occupying the Premises. Party B agrees that, if Party B fails to restore and return the Premises within 15 days after the due time, Party A shall have the right to enter the Premises and at the same time Party B shall be automatically regarded as having given up its ownership of or right to use all the decorations, facilities, equipment and other un-removed goods in the Premises, including the equipment and goods which are regarded as owned by Party B (regardless if they are actually owned by Party B or any third party). Party A has the right to dispose of such decorations, facilities, equipment and other un-removed goods at its own discretion. If the legal interests and rights of any third party is involved, Party B shall be responsible for compensating the said third party. Party B shall bear all the expenses incurred by Party A in restoring the Premises for and on behalf of Party B. The Premises are regarded as re-possessed by Party A at the moment when Party A enters the Premises.",Termination,ALeaseBert,reinstatement_clause
230,"Unless Party A agrees Party B to sub-lease the Premises in the supplementary provisions hereof or any other written document, Party B shall not sublet the Premises partially or wholly to any third party during the lease term hereunder.",Tenant Responsibilities,ALeaseBert,sublease_permitted
231,Party A and Party B agree to terminate this Contract during the lease term without bearing any responsibilities or liabilities if:,Termination,ALeaseBert,break_option
232,(1)The use right for the land occupied by the Premises is legally re-possessed earlier;,Termination,ALeaseBert,break_option
233,(2)The Premises are legally expropriated for social public interest;,Termination,ALeaseBert,break_option
234,(3)The Premises are legally included into the scope of removal for the purpose of urban construction;,Termination,ALeaseBert,break_option
235,"(4)The Premises are damaged, lost or determined as dangerous.",Termination,ALeaseBert,break_option
236,"The Premises shall be used for general office, a neuroscience research lab and design and sale of neurological products, and for no other purpose whatsoever without the written consent of LESSOR. No consent shall be requested or provided for any use given exclusively to another tenant or which may be prohibited in any lease for any of the building property, or for any use set forth in Paragraph 2.b.",Tenant Responsibilities,ALeaseBert,designated_use
237,"Prohibited Uses - It is agreed that the Premises shall not be used for any of the following uses, and LESSOR'S consent to such uses will not be provided a bar, night club, lounge, dance hall, discotheque, teenager gathering place, massage parlor, adult book store, or similar business catering to pornographic interests, establishments engaged in the business of selling, distributing, displaying, or offering for sale, roach clips, water pipes, bongs, coke spoons, hypodermic syringes or other paraphernalia commonly used in the use of or ingestion of illicit drugs (including, without limitations, a so-called “head shop”), bowling alley, kiosk business, firearms shooting range, bingo hall, theatre, funeral parlor, flea market, amusement or video arcade, pool or billiard hall, pawn shop, gun shop, tattoo parlor, car wash, automobile repair shop, or any business servicing motor vehicles in any respect, including, without limitation, any quick lube oil change service, tire center or gasoline or service station or facility, any carnival, amusement park or circus, hotel/motel, area for commuter parking, any use which involves the sale or display of merchandise generally offensive to the public, or any use which will in any way increase the existing rate of or affect any fire or extended coverage insurance policy upon the building of which the Premises are a part, or cause a cancellation of any insurance policy covering the building of which the Premises are a part. The foregoing list shall not be interpreted as a limitation or restriction of LESSOR'S discretion in its decision on consent to uses of the Premises by LESSEE. Notwithstanding the foregoing or anything else to the contrary contained in this lease, LESSEE is prohibited from using the Premises or any portion thereof for the sale or distribution of alcoholic beverages without the prior written consent of LESSOR. Adequate liquor liability insurance with LESSOR as an additional insured shall be a prerequisite, although not the only precondition, to LESSOR'S consent. LESSEE shall not conduct sidewalk sales, tent sales, auction sales, warehouse sales or fire sales at the Premises, or in the Common Facilities.",Tenant Responsibilities,ALeaseBert,designated_use
238,"LESSEE shall, beginning with its occupancy and throughout the term hereof, and any holdover periods, pay to LESSOR a proportionate share of the Operating Costs of the Common Facilities defined in paragraph 6,",Maintenance,ALeaseBert,services_charges
239,"Utilities - aa. LESSEE shall, beginning with its occupancy and throughout the term hereof, and any holdover periods, contract with the utility companies and pay all charges for and related to gas, electricity, light, heat, power, cable, and telephone supplied upon or in connection with the Premises and all water and sewer service charges and charges related to such service, including tap-in fees, water rents, sewer license rent, transit taxes and permit fees, which are levied or charged against said Premises, and shall indemnify LESSOR and save it harmless against any liability or damages on such account, if the Premises are separately metered or charged therefore. If the Premises are not separately metered or charged therefore, LESSEE shall pay its proportionate share of any such utility charges based upon the number of square feet leased by LESSEE as the numerator, and the total leased and leasable square feet of completed buildings in the building as the denominator. Further, LESSEE agrees that in the event of its vacation of the Premises for any reason whatsoever during the lease term it will at all times maintain that amount of heat necessary to insure against the freezing of water lines and against damage to any other portion of the Premises which could result from cold temperatures.",Maintenance,ALeaseBert,services_charges
240,"LESSEE accepts the Premises in an ""as is"" condition as of the Possession Date of this lease. The LESSEE, during the lease term will make, at its own expense, all repairs, replacements, alterations and improvements on the interior and exterior of the Premises which may be needed to maintain the same in good condition and repair, excepting reasonable wear and tear, and at its sole expense shall keep and maintain the Premises in a reasonably clean and orderly condition, free of accumulation of dirt and rubbish. LESSEE shall be responsible for cleaning the windows of the Premises, and for all sweeping, cleaning, and snow and ice removal on that portion of the sidewalks bordering the Premises, notwithstanding any other provisions herein. LESSEE shall also be responsible for the repair, replacement and reconstructing the glass windows and all exterior doors leading to the Premises, and the roof if damaged by LESSEE, its agents, or parties hired by LESSEE, including roof damage done while repairing or replacing the HVAC systems. Without limiting the generality of the foregoing, the LESSEE agrees that it will make, at its own expense, all non-structural repairs, modifications and replacements which may be needed to maintain mechanical equipment, including but not limited to heating units, HVAC, plumbing, sprinkler systems, alarm systems, electrical, plate glass, machinery and equipment, in good condition and repair, excepting reasonable wear and tear, and to cause said mechanical equipment to comply with all laws and regulations, present and future, related thereto. Under no circumstances shall LESSEE, or any of its agents, employees or contractors enter upon the roof of the building in which the Premises are a part, or allow any third parties to enter upon the roof, without five (5) days prior notice to LESSOR. In emergency situations, LESSEE shall provide notice by telephone before entry upon the roof, but if that is impossible, as soon thereafter as possible. LESSEE shall keep canopy lights lit during all hours of darkness (after sunset), including throughout the night. Damage caused by third parties attempting to gain, or gaining, unlawful entry to the Premises shall be repaired by LESSEE at LESSEE'S expense.",Repairs,ALeaseBert,landlord_repairs
241,"LESSOR shall perform, as the same shall from time to time be necessary, all repairs and replacements to the structural elements of the Premises, which shall be deemed to include, without limitation, the roof joists, columns, footings, foundation, exterior walls (including, without limitation), repainting, but excluding plate glass, storefront windows, doors, door closure devices, window and door frames, molding, locks and hardware.",Repairs,ALeaseBert,landlord_repairs
242,"LESSOR shall not be liable for any loss or damage occasioned by any defect in the Premises, or by defective wiring, plumbing, gas, water, steam, hot water, or other pipes, or from sewage, or by the bursting, leaking or running of any tank, boiler, washstand, closet or waste pipe, or by water, snow or ice upon the roof, sky light, trap door or otherwise, or by the acts of negligence of others, other than by the gross negligence of LESSOR, its agent or employee. By way of example, and without limiting the generality of the foregoing, if the roof is damaged due to the actions of LESSEE or its agents or repairmen, LESSEE shall be responsible for the cost of repair of the roof and for the cost of any interior damage to the ceiling, tiles, walls, floor covering, stock or otherwise. LESSOR shall only be required to reimburse LESSEE for internal damage as a result of a roof leak if LESSOR’s actions with respect to the roof constitute reckless or intentional behavior.",Repairs,ALeaseBert,damage
243,"General - The LESSEE agrees not to assign, sublet or transfer this lease or hypothecate or mortgage the same or sublet said Premises or any part thereof without the express written consent of the LESSOR. In no event shall LESSEE assign or transfer this lease, or sub-lease or relet the Premises, for a use prohibited in Section 2 hereof. Any assignment, subletting, transfer, hypothecation, mortgage, subletting or re-letting of this lease without LESSOR'S express written consent or as herein restricted shall entitle the LESSOR to re-enter and repossess the Premises. If LESSOR consents to such reletting, sublease or assignment, LESSEE shall still remain primarily liable for the obligations created hereby; and in the case of assignments, jointly and severally liable with the assignee. Any monetary consideration obtained from an assignee or transferee upon assignment or transfer of this lease, whether by LESSOR'S consent or by operation of law, shall be paid to LESSOR. In the event of the assignment of the lease, or in the event of the subletting of the Premises or any part thereof, if LESSEE derives any funds or rental income, the rent specified in this lease shall be increased to that amount received by the LESSEE from the assignee of this lease, or increased to include that amount received by the LESSEE from the sublessee. Further, in the event of an assignment or sublease by LESSEE, any and all legal costs of LESSOR shall be paid by LESSEE upon LESSEE receiving notice of such costs, and LESSOR may withhold cooperation and consent until such costs are paid. Acceptance of rent from any other person shall not be deemed to be a waiver of any of the provisions of this lease by LESSOR, or to be a consent to the assignment of this lease or subletting of the Premises.",Tenant Responsibilities,ALeaseBert,sublease_permitted
244,"Notice - If at any time LESSEE desires to assign this lease or to sublease all or any part of the Premises, LESSOR need not consider LESSEE’S request for consent unless LESSOR first receives from LESSEE: a written notice which shall set forth the name, address and business of the proposed assignee or subtenant; information (including financial statements and references) concerning the character, financial condition and retail business experience of the proposed assignee or subtenant; a detailed description of the space proposed to be assigned or sublet, which must be a single, self-contained unit; the use the proposed assignee or subtenant proposes to make of the space proposed to be assigned or sublet; any rights of the proposed assignee or subtenant to use LESSEE’S improvements; the date when LESSEE desires the assignment or subleasing to be effective; and the fixed minimum rent, percentage rent, and/or other consideration and all other material terms and conditions of the proposed assignment or subletting; all in such detail as LESSOR may reasonably require.",Tenant Responsibilities,ALeaseBert,sublease_permitted
245,"Upon completion of the 36th month of the Initial Term, anytime thereafter during the Initial Term, LESSEE shall have a right to terminate the Lease with a six (6) month written notice. In addition, LESSEE shall pay LESSOR an amount equal to the unamortized portion of LESSOR’S $45,000.00 payment for tenant improvements in Exhibit C and the unamortized portion of any of the restroom improvements in Exhibit C. The amortization schedule will be the 60 month Initial term of the Lease.",Termination,ALeaseBert,break_option
246,Party B has the right and obligation to reasonably use and actively maintain and repair the premise,Repairs,ALeaseBert,landlord_repairs
247,Party B shall bear by itself the expenses for telephone and broadband internet access. Party A shall assist in the clearing and management of the daily garbage and Party B shall bear the cost.,Maintenance,ALeaseBert,services_charges
248,"If Party B fails to perform the lease due to its poor performance, it shall notify Party A in writing one (1) month in advance. After obtaining the consent from Party A, Party B may terminate the Contract without incurring any liability.",Termination,ALeaseBert,break_option
249,"Tenant will pay the appropriate suppliers for all water, gas, electricity, light, heat, telephone, power, and other utilities and communications services used by Tenant on the premises during the term, whether or not the services are billed directly to Tenant. Tenant will also procure, or cause to be procured, without cost to Landlord, any and all necessary permits, licenses, or other authorizations required for the lawful and proper installation and maintenance upon the premises of wires, pipes, conduits, tubes, and other equipment and appliances for use in supplying any of the services to and upon the premises. Landlord, upon request of Tenant, and at the sole expense and liability of Tenant, will join with Tenant in any application required for obtaining or continuing any of the services.",Maintenance,ALeaseBert,services_charges
250,"The premises will be used primarily for banking, insurance, securities, and related financial services.",Tenant Responsibilities,ALeaseBert,designated_use
251,"Without Landlord’s prior written consent, which Landlord agrees will not be unreasonably withheld or delayed, Tenant will neither assign this lease in whole or in part, nor sublease all or part of the premises. Upon the sale or merger of Tenant. Tenant shall have the right to assign all its rights and duties under this lease unless the landlord can demonstrate substantial reason(s) for objection. The Landlord will have ten (10) days after receipt of written notice from Tenant of its intention to assign this Lease to make known its objections, which must be substantive and in good faith.",Tenant Responsibilities,ALeaseBert,sublease_permitted
252,"At the end of this lease, Tenant will surrender the premises in good order and condition, ordinary wear and tear excepted. If Tenant is not then in default, Tenant may remove from the premises any trade fixtures, equipment, and movable furniture placed in the premises by Tenant, whether or not the trade fixtures or equipment are fastened to the building. Tenant will not remove any trade fixtures or equipment without Landlord prior written consent if the trade fixtures or equipment are used in the operation of the building or if the removal of the fixtures or equipment will impair the structure of the building. Whether or not Tenant is then in default, Tenant will remove alternations, additions, improvements, trade fixtures, equipment, and furniture that Landlord has requested be removed in accordance with paragraph 13. Tenant will fully repair any damage occasioned by the removal of any trade fixtures, equipment, furniture, alterations, additions, and improvements. All trade fixtures, equipment, furniture, alterations, additions, and improvements not so removed will conclusively be deemed to have been abandoned by Tenant and may be appropriated, sold, stored, destroyed, or otherwise disposed of by Landlord without notice to Tenant or to any other person and without obligation to account for them. Tenant will pay Landlord all expenses incurred in connection with Landlord’s disposition of such property, including without limitation the cost of repairing any damage to the building or premises caused by removal of the property. Tenant’s obligation to observe and perform this covenant this survive the end of this lease.",Termination,ALeaseBert,reinstatement_clause
253,"If the premises are damaged or destroyed by reason of fire or any other cause, Tenant will immediately notify – Landlord and will promptly repair or rebuild the building at",Repairs,ALeaseBert,damage
254,"Tenant’s expense, so as to make the building at least equal in value to the building existing immediately prior to the occurrence and as nearly similar to it in character as is practicable and reasonable. Landlord will apply and make available to pay to Tenant the net proceeds of any fire or other casualty insurance paid to Landlord, after deduction of any costs of collection, including attorneys’ fees, for repairing or rebuilding as the same progresses. Payments will be made against property certified vouchers of a competent architect in charge of the work and approved by Landlord. Landlord will contribute, out of the insurance proceeds, towards each payment to be made by or on behalf of Tenant for the repairing or rebuilding of the building, under a schedule of payments to be made by Tenant and not unreasonably objected to by Landlord, an amount in the proportion to the payment by Tenant as the total net amount received by Landlord from insurers bears to the total estimated cost of the rebuilding or repairing. Landlord, however, may withhold from each amount so to be paid by Landlord fifteen (15%) percent of the amount until the work of repairing or rebuilding is completed and proof has been furnished to Landlord that no lien or liability has attached or will attach to the premises or to Landlord in connection with the repairing or rebuilding. Upon the completion of rebuilding and the furnishing of that proof; the balance of the net proceeds of the insurance will be paid to Tenant. If the proceeds of insurance are paid to the holder of any mortgage on Landlord’s interest in the premises, Landlord will make available net proceeds of the insurance in accordance with the provisions of this paragraph. Before beginning repairs or rebuilding, or letting any contracts in connection with repairs or rebuilding, Tenant will submit for Landlord’s approval, which approval Landlord will not unreasonably withhold or delay, complete and detailed plans and specifications for the repairs or rebuilding. Promptly after receiving Landlord’s approval of those plans and specifications, Tenant will begin the repairs or rebuilding and will prosecute the repairs or rebuilding to completion with diligence, subject, however, to strikes, lockouts, acts of God, embargoes, governmental restrictions, and other causes beyond Tenant’s reasonable control. Tenant will obtain and deliver to Landlord a temporary or final certificate of occupancy before the premises are reoccupied for any purpose. The repairs or rebuilding will be completed free and clear of mechanic’s or other liens, and in accordance with the building codes and all applicable laws, ordinances, regulations, or orders of any state, municipal, or other public authority affecting the repairs or rebuilding, and also in accordance with all requirements of the insurance rating organization, or similar body, and of any liability insurance company insuring Landlord against liability for accidents related to the premises. Any remaining proceeds of insurance after the restoration will be Tenant’s property.",Repairs,ALeaseBert,damage
255,"Tenant has deposited Eleven Thousand Seven Hundred and Fifty ($11,750) Dollars with Landlord as security for Tenant’s payment of rent and performance of its other obligations under this lease, and any renewals or extensions of this lease. If Tenant defaults in its payment of rent or performance of its other obligations under this lease, Landlord may use all or part of the security deposit for the payment of rent or any other amount in default, or for the payment of any other amount which Landlord may spend or become obligated to spend by reason on Tenant’s default, or for the payment to Landlord of any other loss or damage which Landlord may suffer by reason of Tenant’s default. If Landlord so uses any portion of the security deposit. Tenant will restore the security deposit to its original amount within five (5) days after written demand from Landlord. Tenant shall not be entitled to interest on the security deposit. The security deposit will not be a limitation on Landlord’s damages or other rights under this lease, or a payment of liquidated damages, or an advance payment of the rent. If Tenant pays the rent and performs all of its other obligations under this lease, Landlord will return the unused portion of the security deposit to Tenant within sixty (60) days after the end of the term; however, If Landlord has evidence that the security deposit has been assigned to an assignee of the lease, Landlord will return the security deposit to the assignee. Landlord may deliver the security deposit to the purchaser of the premises and be discharged from further liability with respect to it.",Security Deposit,ALeaseBert,guarantee_transferable
256,The Lessee must pay:,Maintenance,ALeaseBert,services_charges
257,"electricity, gas and other power and light charges and expenses including",Maintenance,ALeaseBert,services_charges
258,the cost of cleaning the Premises; and,Maintenance,ALeaseBert,services_charges
259,"the operation, maintenance and repair of fire sprinklers, monitoring and protection, air-conditioning, heating, cooling, ventilation plant, and roller doors servicing the Building.",Maintenance,ALeaseBert,services_charges
260,"Subject to the Lessee performing and observing the Lessee’s Covenants, the Lessor must maintain:",Repairs,ALeaseBert,landlord_repairs
261,(a) the structure of the Building; and,Repairs,ALeaseBert,landlord_repairs
262,(b) the Common Areas,Repairs,ALeaseBert,landlord_repairs
263,(1) to a standard reasonably commensurate with the standard of the Building as at the commencement of this lease (fair wear and tear excepted);,Repairs,ALeaseBert,landlord_repairs
264,(2) to a standard reasonably commensurate with equivalent buildings (being buildings that would be relevant for the purposes of determining the Current Market Rent pursuant to clause 6.2); and,Repairs,ALeaseBert,landlord_repairs
265,(3) in a safe condition.,Repairs,ALeaseBert,landlord_repairs
266,The Lessee must not use any part of the Premises for any purpose other than the Permitted Use.,Tenant Responsibilities,ALeaseBert,designated_use
267,"Prior to Termination, the Lessee must remove from the Premises and the Building all the Lessee’s Fixtures and property of the Lessee and promptly make good to the reasonable satisfaction of the Lessor any damage caused by that removal.",Termination,ALeaseBert,reinstatement_clause
268,The Lessor may not unreasonably withhold its consent to the subletting of the Premises or any part of the Premises.,Tenant Responsibilities,ALeaseBert,sublease_permitted
269,"Tenant will use and occupy the Building solely for general office purposes and in accordance with applicable laws, ordinances and zoning regulations. The Building will not be used for any other purpose without the prior written consent of Landlord. Tenant will not use or occupy the Building for any unlawful purpose, and will comply with all present and future laws, ordinances, regulations, and orders of all governments, government agencies and any other public authority having jurisdiction over the Building.",Tenant Responsibilities,ALeaseBert,designated_use
270,"Tenant shall have the right, without the need for Landlord’s consent in any instance, to assign this Lease or sublet the Demised Premises or any portions thereof subject to this Lease and the terms and conditions hereof, on such terms and conditions as Tenant shall decide. In the event of an assignment of all or any portion of the Lease or a subletting of all or any portion of the Demised Premises, Tenant shall give Landlord notice of such assignment or subletting and Tenant shall remain fully liable for the obligations of Tenant under this Lease. Tenant will not mortgage or encumber this Lease.",Tenant Responsibilities,ALeaseBert,sublease_permitted
271,"At the expiration or other termination of this Lease, Tenant shall surrender the Demised Premises broom clean and in the same order and condition in which it was upon completion of the tenant improvements, ordinary wear and tear accepted. Landlord shall have the right to enter upon the Demised Premises during regular business hours to ensure Tenant’s compliance with the terms and provisions of this Lease, and to cure any default by Tenant with regard to upkeep, maintenance and repair of the Demised Premises, and to exhibit the Demised Premises to prospective tenants during the last year of this Lease prior to the expiration of the term hereof or of any Extension Term (as hereinafter defined).",Termination,ALeaseBert,reinstatement_clause
272,"Tenant shall, be responsible for all Operating Costs of the Demised Premises incurred in the operation, maintenance and repair of the Demised Premises. Tenant shall also be responsible for and shall pay directly to the appropriate taxing authority 100% of all Real Estate Taxes imposed against the Demised Premises. It is intended that Landlord shall have no obligation for Operating Costs or Real Estate Taxes in connection with the Demised Premises and the same shall be borne solely by the Tenant.",Maintenance,ALeaseBert,services_charges
273,The purpose of the lease is to use the Premises as offices for carrying out administrative and consulting activities in connection with the Tenant’s line of activities and business.,Tenant Responsibilities,ALeaseBert,designated_use
274,"The Landlord is obliged to provide to the Tenant services to secure proper operation of the Premises and the Building (hereinafter referred to as the “Services”). The Services shall include electric energy, water rate, sewage charge, heating, gas, municipal waste disposal, security guard, cleaning and maintenance of the Real Estate and their vicinity. All Services provided by the Landlord or subcontracted to third parties shall be rendered for fair market prices. The cost of Services listed in Annex 5 shall be fair market prices. The Landlord shall maintain an open book policy and provide the Tenant, upon its request, with access to and copies of the documentation for the calculation of the payments for Services, including invoices from individual suppliers of utilities and services and accounts issuing from the performed meter readings.",Maintenance,ALeaseBert,services_charges
275,The Tenant undertakes to pay proportional costs for Services calculated as the proportion of the number of square metres of the Premises plus the respective share in the common premises and the total number of net rentable square metres of the Building (hereinafter referred to as the „Costs for Services”) based on an invoice issued by the Landlord. Detail on calculation of the proportional costs are listed in Annex No. 5 hereto. The invoice shall be payable within fourteen (14) days from the receipt by the Tenant.,Maintenance,ALeaseBert,services_charges
276,"The Tenant undertakes that, simultaneously with the first month’s rent, it will provide a security to the Landlord in the amount of two (2) monthly rents, i.e. CZK 38,746 (to wit: thirty eight thousand seven hundred and forty six Czech crowns) in order to secure the fulfilment of all the Tenant’s financial liabilities following from this Contract for the whole term of this Contract, namely including a possibly incurred claim for payment of the contractual penalty. The Tenant shall be obliged to deposit the security according to this Section in Bank Account No. XXXXXXXXXX/XXXX kept with Raiffeisenbank, a.s., Plzeň – Americká 1 branch. In the event of a partial or full drawing of this security due to the settlement of a claim of the Landlord, the Tenant shall be obliged to replenish it immediately to the original amount, however no later than within 5 days as of the receipt of the Landlord’s written request. Should the Tenant fail to deposit the security or to replenish it to its original amount in the event that it is drawn by the Landlord, not even within an additional period of 14 days from the receipt of a notice from the Landlord, the Landlord shall be entitled to withdraw from this Contract. The Landlord shall also be entitled to set off the deposited security by a unilateral act against any of its financial claims, including the claim for a contractual penalty.",Security Deposit,ALeaseBert,guarantee_transferable
277,"Without the prior written approval of the Landlord, the Tenant shall not be entitled to let a third party use the Object of the Lease.",Tenant Responsibilities,ALeaseBert,sublease_permitted
278,"After the expiration of the agreed term of lease or in the event of any other termination of the validity and effectiveness hereof, the Tenant undertakes to vacate the Object of the Lease and hand it over to the Landlord in a proper condition taking into consideration current wear and tear. This shall not affect the provisions of Article VII, Section 3 hereof.",Termination,ALeaseBert,reinstatement_clause
279,"The Landlord shall be obliged to repair the buildings in which the Premises are located, and it shall be obliged to notify the Tenant sufficiently in advance of all reconstructions and repairs that might affect the Tenant’s activity. The Landlord undertakes to adjust the schedule of repair works so that the Tenant may exercise its activity.",Repairs,ALeaseBert,landlord_repairs
280,"This Contract may be terminated on the basis of a written notice of termination served by the Tenant, even without stating a reason.",Termination,ALeaseBert,break_option
281,Party B shall not sub-lease or transfer the orchard to any third party.,Tenant Responsibilities,ALeaseBert,sublease_permitted
282,Usage Commercial,Tenant Responsibilities,ALeaseBert,designated_use
283,"Upon expiration, party B must pay off rent and expense related to operation, and it cannot damage the interior renovation.",Repairs,ALeaseBert,damage
284,"If utility payment deadline is missed, a late fee equal to 0.3% of monthly total is applied. If the delay is more than 15 days, party A has the right to stop utility supply. Party A needs to keep its account having sufficient balance to pay, if deduction fails, suspension of utility supply will occur and party B has to bear the responsibilities.",Maintenance,ALeaseBert,services_charges
285,"Notwithstanding the foregoing, FENDER shall have the right to terminate this Lease Contract on and after the end of 24th month of the lease Term with no penalty by providing CALIBERT with at least six (6) months prior written notice. In order to be clear, in order for FENDER to terminate this Lease Contract effective January 1, 2010, it must deliver written notice to CALIBERT no later than July 1, 2009.",Termination,ALeaseBert,break_option
286,"General office and administrative purposes, research and development and other legal purpose for which the Premises may be used.",Tenant Responsibilities,ALeaseBert,designated_use
287,Provision for Sub-Lease of Property; Not indicated on Lease,Tenant Responsibilities,ALeaseBert,sublease_permitted
288,"Current building management fee (based on leased space). New Taiwan Dollar 45,465 monthly (not including sales tax).",Maintenance,ALeaseBert,services_charges
289,"Current parking management fee (based on 4 spaces). New Taiwan Dollar 32,000 monthly (not including sales tax).",Maintenance,ALeaseBert,services_charges
290,Lessee is responsible for utility fees associated with office space leased.,Maintenance,ALeaseBert,services_charges
291,"Other fees (water, power, maintenance, management) related to Building common areas are prorated based on office space leased.",Maintenance,ALeaseBert,services_charges
292,The unit shall be used only for the purpose of offices.,Tenant Responsibilities,ALeaseBert,designated_use
293,Lessee shall pay Lessor the deposit (the deposit amount is listed in Appendix III) as the guarantee of Lessee to perform all terms under the Contract faithfully (hereinafter referred to as deposit).,Security Deposit,ALeaseBert,guarantee_transferable
294,"The deposit amount shall be three times of the sum of monthly rent plus property management fee within the lease duration. In case of different deposit standards within the lease duration, the standard with least amount shall prevail. Within the lease duration, Lessor shall have right to ask Lessee to make up the deposit (i.e. three times of the sum of higher monthly rent plus monthly property management fee) as per the higher rent standard. Lessee shall make up the balance of deposit immediately upon receiving the written notice from Lessor. The deposit amount listed in Appendix III shall be deemed to be adjusted correspondingly.",Security Deposit,ALeaseBert,guarantee_transferable
295,"The rent shall exclude property management fee, promotion and publicity fee, parking fee, telephone bill, electricity bill, water bill, gas bill, heating bill, cleaning fee in this unit and other payments.",Maintenance,ALeaseBert,services_charges
296,Lessee must obtain written consent from Lessor for conducting the following actions:,Tenant Responsibilities,ALeaseBert,sublease_permitted
297,(1) Transfer other people part of or all rights granted to Lessee under the Contract or mortgage them;,Tenant Responsibilities,ALeaseBert,sublease_permitted
298,Lessee shall not use the unit for any other purpose other than offices without written consent from Lessor.,Tenant Responsibilities,ALeaseBert,designated_use
299,"Lessor shall have right to terminate the Contract in advance in case of any one of the following situations. The Contract shall be terminated upon the arrival of notice of termination of Contract issued by Lensor. Lessee shall pay Lessor the penal sum equivalent to three-month rent or the rent of unperformed part of lease duration (the higher one shall prevail) according to the rent standard agreed in Appendix III. If the actual loss of Lessor exceeds the penal sum agreed, Lessee shall make compensation according to the actual amount",Termination,ALeaseBert,break_option
300,"If Lessee terminates the Contract in advance without consent from Lessor, Lessee shall pay Lessor the penal sum equivalent to three-month rent or the rent of unperformed part of lease duration (the higher one shall prevail) according to the rent standard agreed in Appendix III. If the actual loss of Lessor exceeds the penal sum agreed, Lessee shall make compensation according to the actual amount.",Termination,ALeaseBert,break_option
301,"Lessee shall return this unit emptied and at the original state in delivery and all keys to Lessor (or the property company) and conduct acceptance together with Lessor (or the property company) on the lease duration date or advance termination date of the Contract or within the period specified by Lessor (if any). Lessor shall make compesenation for damage (excluding natural wear). Lessee shall bear all expenses incurred from direct or indirect damage to other places beyond this unit or the third party in the process of returning this unit and other sites, facilities and equipment dedicated for Lessee to the original state in delivery.",Termination,ALeaseBert,reinstatement_clause
302,"If Lessee fails to return this unit as agreed under the Contract after the Contract is terminated, Lessee shall pay Lessor the fees for occupation, counted from the second day after termination of the Contract to the day of returning this unit or the day Lessor (or the property company) recovers the unit (this shall apply even the water and electricity in this unit are cut off). The amount of occupation fees shall be the sum of three times of the rent as agreed in Appendix III under the Contract and other payments. If the loss of Lessor suffered thereby (including but not limited to liabilities for breach and compensation as well as commission for the new lessee of this unit) exceeds such occupation fees, Lessee shall make compensation for Lessor according to the actual amount.",Termination,ALeaseBert,reinstatement_clause
303,Permitted Purpose shall mean general office use and software training classes.,Tenant Responsibilities,ALeaseBert,designated_use
304,"Tenant has paid to Landlord the Deposit as security for performance of Tenant's obligations under this Lease. In the event Tenant fully complies with all the terms and conditions of this Lease, the Deposit shall be refunded to Tenant, without interest unless otherwise required by law, upon expiration of this Lease. Landlord may, but is not obligated to, apply a portion of the Deposit to cure any default hereunder and Tenant shall pay on demand the amount necessary to restore the Deposit in full within ten (10) days after notice by Landlord.",Security Deposit,ALeaseBert,guarantee_transferable
305,"Utility Services: Landlord shall provide the utility services listed on Schedule 3 (the ""Utility Services""). Should Tenant, in Landlord's sole and reasonable judgment, use additional, unusual or excessive Utility Services, Landlord reserves the right to charge for such services as determined either by a separate sub-meter, installed at Tenant's expense, or by methods specified by an engineer selected by Landlord. Electric power for Tenant lighting and operating of office machines will be separately metered and billed to Tenant by Commonwealth Edison or an alternate electric service provider selected by Landlord.",Maintenance,ALeaseBert,services_charges
306,Tenant shall use the Premises for the Permitted Purpose only and for no other purpose.,Tenant Responsibilities,ALeaseBert,designated_use
307,"Tenant, at its sole expense, agrees to maintain the interior of the Premises in a neat, clean and sanitary condition. If Tenant fails to maintain or keep the Premises in good repair and such failure continues for five (5) days after written notice from Landlord (provided Tenant is not diligently moving to correct such failure), or if such failure results in a nuisance or health or safety risk, Landlord may perform any such required maintenance and repairs and the cost thereof (plus a markup not to exceed 3.0% of such cost for Landlord's overhead and supervision) shall be payable by Tenant as Rent within ten (10) days of receipt of an invoice from Landlord. Tenant shall also pay to Landlord the costs of any repair to the Building or Project necessitated by any act or neglect of Tenant.",Repairs,ALeaseBert,landlord_repairs
308,"Tenant shall not assign, mortgage, pledge, or encumber this Lease, or permit all or any part of the Premises to be subleased, without the prior written consent of Landlord and Landlord's mortgagee, if any, which consent shall not be unreasonably withheld or delayed. The transfer (whether direct or indirect) of all or a majority of the voting or controlling equity in Tenant (other than the shares of the capital stock of a corporate Tenant whose stock is publicly traded), or the merger, consolidation, reorganization, or liquidation of Tenant, or the sale of all or substan­tially all of the assets of Tenant, shall be considered a Transfer for the purposes of this Section. Notwithstand­ing the foregoing, Tenant shall have the right to assign or sublease part or all of the Premises to an “Affiliate” of Tenant (defined below) with prior written notice to Landlord but without Landlord’s consent, provided that (i) Tenant (assuming that entity still exists) continues to be primarily liable on its obligations as set forth herein; (ii) such Affiliate has a net worth and creditworthiness no less than the net worth and credit­worthiness of Tenant as of the date of this Lease, and agrees in writing to assume and be bound by all covenants and obligations of Tenant hereunder; (iii) such Affiliate is, in Landlord's good faith judgment, compatible with other tenants in the Building and seeks to use the Premises only for the Permitted Purpose and for a use that is not prohibited under the terms of a lease with another tenant in the Building; (iv) there is not then an Event of Default by Tenant under this Lease, and (v) such Affiliate’s use would not result in a material change in the number of personnel working in, or members of the general public visiting, the Premises. As used herein, “Affili­ate” means any entity (1) which then owns and controls Tenant; (2) is then owned and con­trolled by Tenant; (3) is then owned and controlled by an entity described in (1); (4) with which Tenant may merge or consolidate; or (5) which acquires all or substantially all of the voting equity, or assets, of Tenant.",Tenant Responsibilities,ALeaseBert,sublease_permitted
309,"If as a result of fire or other casualty, the Building is made substantially untenantable, or Tenant's use and occupancy of the Premises are substan­tially interfered with due to damage to the common areas of the Building, or the Premises are made wholly or partially untenantable, then Landlord may, by notice to Tenant within forty-five (45) days after the damage, terminate this Lease. In addition, if such a casualty occurs during the last twelve (12) months of the term of this Lease, either party may, by notice to the other party within thirty (30) days after the damage, terminate this Lease. Such termination shall become effective as of the date of such casualty.",Repairs,ALeaseBert,damage
310,"On expiration or termination of this Lease, Tenant shall surrender the Premises in the same condition as when the Lease Term commenced, ordinary wear and tear or damage from casualty excepted. Except for furnishings, trade fixtures, telephone and data cabling/wiring, Tenant installed supplemental HVAC equipment, and other personal property installed by Tenant or at Tenant's expense, all of which shall be removed by Tenant at the expiration or earlier termination of the Lease, all alterations, additions or improvements, whether temporary or permanent in character, made in or upon the Premises, either by Landlord or Tenant, shall be Landlord's property and at the expiration or earlier termination of the Lease Term shall remain on the Premises without compensa­tion to Tenant. Notwithstanding the above, Tenant shall, at its expense and without delay, remove any alterations, additions or improvements which Landlord designated to be removed when Landlord consented to Tenant's such alterations, additions, or improvements, and Tenant shall repair any damage to the Premises or the Building caused by such removal. If Tenant fails to repair the Premises, Landlord may complete such repairs and Tenant shall reimburse Landlord for such repair and restoration. Landlord shall have the option to require Tenant to remove all its property. If Tenant fails to remove such property as required under this Lease, Landlord may dispose of such property in its sole discretion without any liability to Tenant, and further may charge the cost of any such disposition (including storage expenses) to Tenant.",Termination,ALeaseBert,reinstatement_clause
311,The Premises is of an office building type,Tenant Responsibilities,ALeaseBert,designated_use
312,"Party B warrants to Party A that, it leases the Premises to engage in the economic activities within the scope specified in its business license",Tenant Responsibilities,ALeaseBert,designated_use
313,"Party B warrants that, during the lease term, it will not alter the purposes agreed in the",Tenant Responsibilities,ALeaseBert,designated_use
314,preceding paragraph without the written consent of Party A and the approval of competent department.,Tenant Responsibilities,ALeaseBert,designated_use
315,"Upon expiration of the lease term, Party A has the right to repossess the Premises, while Party B shall return the same as scheduled.",Termination,ALeaseBert,reinstatement_clause
316,"Where Party B delays returning the Premises without the consent of Party A, Party B shall pay Party A the use fees payable during the occupation of the Premises equivalent to two times of the daily rental for each delayed day. Party B agrees that, if it delays in restoring the Premises to its original state and returning the same for 15 days, Party A shall have the right to enter the Premises at its option, meanwhile, Party B shall be deemed to waive the ownership and right of use in the decoration, facilities, equipment in the Premises and other articles that have not been dismantled or removed from the Premises, including equipment and articles deemed the Premises of Party B (regardless of whether they belong to Party B or any third party), and Party A has the right to dispose of them at its own discretion. In case the legitimate interests of any third party are involved, Party B shall be liable for compensating such third party. The expenses incurred by Party A for restoring the Premises to its original state on behalf of Party B shall be borne by the latter. The Premises shall be deemed to have been repossessed upon Party A’s entry into it.",Termination,ALeaseBert,reinstatement_clause
317,"Both parties agree that, should either party commit any of the following breaches, the other party may notify in writing that this Contract be cancelled. The breaching party shall pay the other party a penalty equivalent to 2 months rental then in effect; where the penalty is insufficient to cover the losses, the breaching party shall make up the difference between the losses incurred and the penalty:",Termination,ALeaseBert,break_option
318,(1) Party A fails to hand over the Premises timely and fails to do so within ten days upon receipt of a written notification from Party B;,Termination,ALeaseBert,break_option
319,"(2) The Premises which handed over by Party A does not comply with the covenants contained herein, and it makes Party B unable to fulfill the purposes of the Contract;",Termination,ALeaseBert,break_option
320,"(3) Party B alters the use of the Premises as agreed herein, without the prior written consent of Party A;",Termination,ALeaseBert,break_option
321,(4) The Premises are damaged for any reason attributable to Party B;,Termination,ALeaseBert,break_option
322,"(5) Party B sublets the Premises, transfers the right to lease the Premises or exchanges the Premises for any other property leased by others;",Termination,ALeaseBert,break_option
323,(6) Party B defaults on payment of rental for over one month;,Termination,ALeaseBert,break_option
324,(7) Party B uses the Premises for any illegal activities;,Termination,ALeaseBert,break_option
325,"(8) Party B occupies public areas or fire passages without authorization, or fails to comply with applicable laws and regulations on environmental protection and fire safety, and fails to make rectification within 5 working days upon receipt of a written notice from Party A.",Termination,ALeaseBert,break_option
326,The location which Party B leases from Party A hereunder will be used for office purpose only,Tenant Responsibilities,ALeaseBert,designated_use
327,"Party B shall, within 5 working days after execution hereof pay to Party A one month’s rent and property management fee, i.e. RMB202,033.44 (in words; Renminbi two hundred two thousand thirty-three yuan and forty-four fen), as the pre-paid rent and property management fee.",Maintenance,ALeaseBert,services_charges
328,"Within the lease term hereunder, the property management fee per square meter of floor area per month for the Premises is RMB30.5 (in words: Renminbi thirty point five yuan). In addition, during the rent-free renovation period, Party B shall pay the normal property management fee, i.e. RMB30.5 (in words: Renminbi thirty point five yuan). Party A shall, on or before the 22nd day of the month prior to the last payment day for property management fee, issue to Party B a payment notice of the same amount.",Maintenance,ALeaseBert,services_charges
329,Party B shall pay the electricity fee on the basis of the actual electricity consumption as indicated on the kilo-watt hour meter provided and installed by Party A in the Premises.,Maintenance,ALeaseBert,services_charges
330,Party B shall be responsible for cleaning the inside of the Premises.,Maintenance,ALeaseBert,services_charges
331,Other expenses and taxes incurred from using the Premises and prescribed by relevant laws and governmental authorities shall be paid in accordance with relevant laws or regulations. Each of Party A and Party B shall bear all of its own legal fees incurred hereunder.,Maintenance,ALeaseBert,services_charges
332,"In order to ensure full and actual performance hereof, Party B shall, within 5 working days after execution hereof, pay to Party A a deposit equal to three (3) months’ rent and property management fee for the Premises, totaling RMB606,100.32 (in words: Renminbi six hundred six thousand one hundred yuan and thirty-two fen) (hereinafter referred to as the “deposit”).",Security Deposit,ALeaseBert,guarantee_transferable
333,The deposit will be interest-free.,Security Deposit,ALeaseBert,guarantee_transferable
334,"Upon the expiration of this Contract, if Party B returns to Party A the Premises and all the office products and equipment provided by Party A for the Premises and settles all the fees, Party A shall within fifteen (15) working days refund to Party B the deposit in full. If Party B fails to settle any fee, Party A shall have the right to deduct the same amount from the deposit and, if the deposit is insufficient to cover the said fee, Party A shall have the right to claim the difference from Party B. If Party B fails to pay any fee by the specified time, Party A will charge Party B a late fee at the percentage specified in Paragraph 3 of Article 9 hereof.",Termination,ALeaseBert,reinstatement_clause
335,Party B shall not transfer or pledge the deposit or use it as guarantee for any third-party debt.,Security Deposit,ALeaseBert,guarantee_transferable
336,"Unless permitted by Party A in writing, Party B is not entitled to re-lease or sublease the Premises or any part thereof to any third party.",Tenant Responsibilities,ALeaseBert,sublease_permitted
337,"If Party B has obtained written consent from Party A for re-leasing, Party B shall procure its sub-lessee(s) to abide by this Contract and other rules and systems which Party A and/or the plaza property management company may formulate from time to time when needed and shall bear all the legal responsibilities and liabilities for all the consequences of the behaviors of its sub-lessee(s).",Tenant Responsibilities,ALeaseBert,sublease_permitted
338,"Party B shall not rebuild, partition or decorate the Premises in any way that may damage the original buildings of the plaza, especially structure, weight bearing, appearance, public locations, etc.",Repairs,ALeaseBert,damage
339,"If the Premises or any accessory facility thereof is destroyed or damaged due to any fault or negligence on the part of Party B, Party B shall be responsible for the repairing or compensation.",Repairs,ALeaseBert,damage
340,"Within the lease term, Party B shall reasonably use and preserve the Premises and its accessory facilities. If the Premises or any of its accessory facility is damaged or fails due to any improper or unreasonable use by Party B, Party B shall be responsible for repairing it. If Party B refuses to repair it, Party A may repair it and Party B shall bear all the associated costs.",Repairs,ALeaseBert,landlord_repairs
341,Party A shall have the right to terminate this Contract by sending a written notice to this effect to Party B and claim damages from Party B according to the provisions of Article 27 hereof if Party B:,Termination,ALeaseBert,break_option
342,"Has not paid the rent whose amount exceeds the sum of two months’ amount, or",Termination,ALeaseBert,break_option
343,"Has not paid any other fee for sixty (60) days after the due time or any fee whose amount exceeds the sum of two months’ amount, or",Termination,ALeaseBert,break_option
344,"Changes the use of the Premises in violation of the provisions of Article 3 hereof, or",Termination,ALeaseBert,break_option
345,"Sub-leases the Premises without prior written consent in violation of the provisions of Article 13 hereof (if applicable), or",Termination,ALeaseBert,break_option
346,"Damages the original building of the plaza in violation of the provisions of Article 16 hereof, or",Termination,ALeaseBert,break_option
347,"Causes any other lessee of the plaza to suffer any hindrance or hazard and fails to effectively correct the hindrance or hazard, or",Termination,ALeaseBert,break_option
348,Any other circumstance prescribed in any relevant law or regulation.,Termination,ALeaseBert,break_option
349,Party B shall restore the Premises according to the provisions of Article 17 hereof and complete written handover formalities with Party A or the mansion management company;,Termination,ALeaseBert,reinstatement_clause
350,"When returning the Premises, Party B shall not request Party A to purchase or compensate Party B for any interior renovations or equipment for any reason whatsoever.",Termination,ALeaseBert,reinstatement_clause
351,"Landlord shall keep the roof, foundation, the four outer walls (excluding all glass windows, window frames, doors and door frames), gutters and downspouts of the Building in reasonably good repair; provided, however, that if Landlord shall be called upon to make any such repairs occasioned by the negligent act or omission of Tenant, its employees, agents, or other invitees, the total cost and expense of such repairs shall be borne by Tenant, and such costs shall not be prorated among other tenants of the Shopping Center. Subject to the previous sentence, Tenant shall pay its pro rata share of all costs of roof repairs and maintenance. Landlord shall be paid fifteen percent (15%) of such costs to compensate Landlord for its “administrative and overhead expenses”) (“AOE”). Landlord may enter into a mechanical system inspection service contract with a reputable service company, and Tenant shall pay its pro rata share of the costs of said service contract plus fifteen percent (15%) of said costs to compensate Landlord for its AOE. Landlord may enter into contracts for the cleaning of all windows in the Shopping Center and for sweeping of and removal of snow from sidewalks adjacent to the Leased Premises, for which Tenant shall similarly pay its pro rata share of the costs thereof plus fifteen percent (15%) of said costs to compensate Landlord for its AOE. Tenant shall pay its pro rata share of all costs of any replacements or repairs resulting from determinations made by the inspection service (plus fifteen percent (15%) of said costs to compensate Landlord for its AOE.",Repairs,ALeaseBert,landlord_repairs
352,"Tenant’s pro rata share of costs due under this Article shall be equal to the number of square feet in the Leased Premises divided by the total number of square feet included in the buildings built on land which is owned by Landlord in the Shopping Center to the extent the premises in such buildings are using the services described herein; however, Tenant’s pro rata share of costs for roof maintenance and repair shall be equal to the number of square feet in the Leased Premises divided by the total number of square feet in the Building, times the amount of the above-described costs. Tenant shall, at its expense, maintain, replace, repair and keep all parts of the interior of the Leased Premises (which include but are not limited to, interior wall surfaces, doors, door hardware, plumbing, electrical, mechanical, heating and ventilating equipment within or servicing the Leased Premises) and any HVAC installed on the exterior of the building providing service to the Leased Premises, in reasonably good order, operating condition and repair. Tenant shall, at its expense, comply with and also keep the Leased Premises in a clean, sanitary and safe condition in accordance with all directions, rules and regulations that affect the Leased Premises and of any health officers, building inspectors or other proper officers of the governmental agencies having jurisdiction. Tenant shall, at its own cost and expense, replace with glass of the same quality any damaged or broken glass, including plate glass or other breakable materials used in structural portions of any interior or exterior windows and doors on the Leased Premises. At the expiration of the Lease Term, Tenant shall surrender the Leased Premises broom cleaned and walls, floor and ceiling repaired to reasonable order, in as good order as the same is on the day Tenant first opened for business to the public, reasonable wear and tear excepted.",Maintenance,ALeaseBert,services_charges
353,"From the earlier of (a) the date upon which the Leased Premises are delivered to Tenant or (b) the Lease Commencement Date, and at all times during the Lease Term, Tenant, in addition to the rents required hereunder, shall pay, prior to delinquency, the costs of all utilities, including but not limited to gas, propane, electricity, water and sewer used and consumed by Tenant in the Leased Premises, and to the extent possible shall contract for the same in its own name and on separate meters. Throughout the duration of Tenant’s occupancy of the Leased Premises, Tenant shall keep such meters and installation equipment in good working order and repair at Tenant’s sole cost and expense. Failure to do so may allow Landlord to cause such meters and equipment to be replaced or repaired, and to collect the cost thereof from Tenant as Additional Rent. If such utility charges cannot be separately metered or separately determined, Tenant agrees to pay its pro rata share thereof, which shall be equal to the number of square feet included in the Leased Premises divided by the total number of square feet included in that portion of the Building utilizing such utilities, times the cost of utilities for that Building, all which shall be paid on the first day of the month at the same time and place stated in Article III hereof for the payment of Minimum Rent.",Maintenance,ALeaseBert,services_charges
354,"Tenant shall not: (a) do, or permit to be done, anything in or about the Leased Premises or the Shopping Center which will in any way obstruct or interfere with the rights of other tenants or occupants of the Shopping Center, or injure or annoy them; (b) cause, maintain or permit any nuisance in, on or about the Leased Premises; (c) commit, or suffer the commission of, any waste in, on or about the Leased Premises; (d) use the Leased Premises for any objectionable or immoral purpose, including, but not limited to sale adult/erotic materials. This obligation of Tenant is only for the benefit of Landlord and no other party, and shall only be enforceable by Landlord, its authorized representatives, successors and assigns.",Tenant Responsibilities,ALeaseBert,designated_use
355,"Tenant shall not assign, sell, pledge, mortgage, encumber or in any manner transfer this Lease or any interest therein, nor sublet the Leased Premises or any part or parts thereof, nor permit occupancy by anyone with, through or under it, nor allow the sale or transfer of any of its capital stock (in the case of a corporation) or partnership interests (in the case of a partnership) to the extent that Tenant loses voting control of the entity existing upon execution of this Lease, nor transfer all or substantially all of Tenant’s assets without the prior written consent of the Landlord, which consent shall be allowed only in Landlord’s sole discretion. Landlord and Tenant hereby acknowledge that this provision regarding assignment and subletting and Landlord’s discretion there over has been fully and freely negotiated. Tenant shall pay to Landlord a fee of Five Hundred Dollars ($500.00) to compensate Landlord for the time and expense of reviewing any request and documentation regarding assignment or subletting and pay any out of pocket legal fees incurred by Landlord. Landlord shall have ten (10) business day from the date of receipt of the written request of Tenant, together with reasonable information relating to the financial condition, business operations and experience of any assignee or sub-lessee, in which to determine whether or not Landlord’s consent shall be granted. Notwithstanding the foregoing, the Landlord shall not unreasonably withhold its consent to Tenant’s request to sublet the Leased Premises. Landlord shall have no liability of any kind for not consenting to an assignment or subletting.",Tenant Responsibilities,ALeaseBert,sublease_permitted
356,"Concurrently with the execution of this Lease, Tenant will or has deposited with Landlord, and will keep on deposit at all times during the Lease Term, the sum of specified in Exhibit B attached hereto as security for the payment by Tenant of the rents herein agreed to be paid. If, at any time during the Lease Term, Tenant shall be in default in the performance of any provision of this Lease, Landlord shall have the right to use said deposit, or so much thereof as necessary, in payment of any rent in default as aforesaid, in reimbursement of any expenses incurred by Landlord and in payment of any damages incurred by Landlord by reason of Tenant’s default, or at the option of Landlord, the same may be retained by Landlord. In such event, Tenant shall, within fifteen (15) days of written demand of Landlord, forthwith remit to Landlord sufficient amount of cash to restore said deposit to its original amount. In the event said deposit has not been utilized as aforesaid, said deposit or as much thereof as has not been utilized is said purposes, shall be refunded to Tenant, without interest, upon full performance of this Lease by Tenant. Landlord shall have the right to commingle said deposit with other funds of Landlord. Landlord may deliver the funds deposited herein by Tenant to the purchaser of Landlord’s interest in the Leased Premises in the event such interest be sold, and, thereupon, Landlord shall be discharged form further liability with respect to such deposit. Said deposit shall not be considered as liquidated damages, and if claims of Landlord exceed said deposit, Tenant shall remain liable for the balance of such claims.",Security Deposit,ALeaseBert,guarantee_transferable
357,"The lease purpose of the said space is for wholesaling and retailing. The leased space shall be used by Party B for sales and presentation of autos and auto refurbishment, as well as commercial operations related to such auto business;",Tenant Responsibilities,ALeaseBert,designated_use
358,"From the delivery date, all operating expenses and costs of the said leased space shall be borne by Party B.",Maintenance,ALeaseBert,services_charges
359,"With prior written consent of Party A, Party B may sublet part of the Lease Object.",Tenant Responsibilities,ALeaseBert,sublease_permitted
360,"Upon expiration of this Contract and in the event that no renewal agreement is concluded, Party B shall leave the Lease Object and return it to Party A on or before the date of expiration or termination of this Contract. Should Party B reject to leave and return the Lease Object, it shall pay double rental to Party A while Party A is entitled not to accept such double rental with written notice to Party B, and is entitled to take over the Lease Object and removing all properties of Party B off the Lease Object.",Termination,ALeaseBert,reinstatement_clause
361,"Should any of the two parties wish to terminate this Contract, it shall notify the other party in writing six months in advance and pays the other party half of annual rental of the year as penalty. Failure to notify the other party in writing six months in advance should result in non early termination of this Contract.",Termination,ALeaseBert,break_option
362,"During the term of this Contract, in case of any governmental conduct that both parties have to terminate this Contract, Party A shall inform Party B of such information within one month that it is aware of. Any compensation granted by government shall be entirely owned by Party A and Party B is not entitled to request any share.",Termination,ALeaseBert,break_option
363,"The Premises shall be used solely for general office, research and development, light manufacturing, testing, assembly, shipping, receiving, and any other related legal use, and for no other use or purpose without Landlords prior written consent, but only to the extent permitted by the City and all agencies and governmental authorities having jurisdiction thereof.",Tenant Responsibilities,ALeaseBert,designated_use
364,"The Premises may be used for the use or uses set forth in Section 1(l) above only, and Tenant will not use or permit the Premises to be used for any other purpose without the prior written consent of Landlord, which consent shall not be unreasonably withheld, conditioned or delayed.",Tenant Responsibilities,ALeaseBert,designated_use
365,"Effective as of the Commencement Date and throughout the Term, Tenant agrees to contract directly for and to pay for all utilities and services provided to the Premises (including the Land and the Building), including, without limitation, water, gas, heat, light, power, telephone, waste/trash removal, sewer and other utilities, janitorial and cleaning services, landscaping and outdoor maintenance, together with any taxes thereon. Landlord will not be liable to Tenant for any failure to furnish any of the foregoing utilities and services if such failure is caused by all or any of the following: (a) accident, breakage or repairs; (b) strikes, lockouts or other labor disturbance or labor dispute of any character; (c) governmental regulation, moratorium or other governmental action or inaction; (d) inability despite the exercise of reasonable diligence to obtain electricity, water or fuel; or (e) any other cause beyond Landlords reasonable control. In addition, in the event of any stoppage or interruption of services or utilities, except as otherwise specifically set forth in Section 16(c) below, Tenant shall not be entitled to any abatement or reduction of rent (except as expressly provided in Section 19(f) below or Section 20(b) below if such failure results from a damage or taking described therein), no eviction of Tenant will result from such failure and Tenant will not be relieved from the performance of any covenant or agreement in this Lease because of such failure. Notwithstanding anything to the contrary herein, Tenant acknowledges and agrees that it shall be solely responsible for providing adequate security for its Premises, and its use of the",Maintenance,ALeaseBert,services_charges
366,"If the Premises are damaged by fire or other casualty, then Landlord shall promptly and diligently repair or restore the Premises subject to the provisions of this Section 19 (excluding Alterations, Tenants Property and other improvements which Landlord is not obligated to restore pursuant to the terms hereof), unless Landlord or Tenant has the option to terminate this Lease as provided herein, and Landlord or Tenant exercises such option.",Repairs,ALeaseBert,landlord_repairs
367,"Landlord and Tenant shall each have the option to terminate this Lease if the Premises are destroyed or damaged by fire or other casualty, regardless of whether the casualty is insured against under this Lease, if Landlord reasonably determines that (i) the damage is of a type not covered by the insurance Landlord is required to carry, or actually carries under this Lease, and the cost to repair the damage will exceed $500,000.00 for anyone (1) building comprising the Premises, (ii) the repair or restoration of the Premises is substantial and cannot be completed within two hundred seventy (270) days following the date of delivery of Landlords Repair Notice, or (iii) Landlord is not permitted by applicable Legal Requirements to rebuild the Premises in substantially the same form as existed prior to the fire or other casualty. If Landlord or Tenant elects to exercise the option to terminate this Lease as a result of a casualty, Landlord or Tenant shall exercise the option by giving the other party notice of its election to terminate this Lease within thirty (30) days following delivery of Landlords Repair Notice, in which event this Lease shall terminate thirty (30) days after the date of the notice of election by Landlord or Tenant, as applicable, unless otherwise agreed in writing by Landlord and Tenant. If neither Landlord nor Tenant exercises its right to terminate this Lease, Landlord shall promptly commence the process of obtaining all of the necessary permits and approvals for the repair or restoration of the Premises or the Building as soon as practicable and thereafter prosecute the repair or restoration of the Premises or the Building diligently to completion and this Lease shall continue in full force and effect.",Repairs,ALeaseBert,damage
368,"Except as expressly provided in this Section 23, Tenant will not, either voluntarily or by operation of law, assign or encumber this Lease or any interest herein or sublet the Premises or any part thereof, or permit the use or occupancy of the Premises by any party other than Tenant (any such assignment, encumbrance, sublease or the like will sometimes be referred to as a Transfer), without the prior written consent of Landlord, which consent Landlord will not unreasonably withhold, condition or delay. It is further understood that any renewal, extension or modification of an existing sublease shall also require Landlords prior written consent, which Landlord shall not unreasonably withhold, condition or delay.",Tenant Responsibilities,ALeaseBert,sublease_permitted
369,"Upon termination, Lessee shall be required to return the Leased Property in a cleared state. To this end, reference is made to the full content of Item 19 AVB. This notwithstanding, Lessor agrees, however, to assert this claim only to the extent that it is necessary for financial reasons or reasons of expediency in light of an intended or conceivable subsequent use. However, Lessor will not assert any right to re-conversion of access roads or of the sidewalk.",Termination,ALeaseBert,reinstatement_clause
370,Property management fee should be paid from the opening of the restaurant. The amount is charged by property management company.,Maintenance,ALeaseBert,services_charges
371,Party B should pay utility fees and other fees on time.,Maintenance,ALeaseBert,services_charges
372,Party B is responsible for all utility and elevator equipment fees.,Maintenance,ALeaseBert,services_charges
373,"Without Party A’s permission, Party B can not lease part or all, or exchange lease of this property.",Tenant Responsibilities,ALeaseBert,sublease_permitted
374,"Before the expiration of the contract, neither party can terminate the contract at will. The party willing to terminate should inform the other party one month in advance and cancel the contract after the permission of the other party, and pays the other party a compensation equivalent to half year’s rent.",Termination,ALeaseBert,break_option
375,2) Party A has the right to terminate the contract for following reasons:,Termination,ALeaseBert,break_option
376,a. Party B avoids customer complaint and causes damage to Party A,Termination,ALeaseBert,break_option
377,b.,Termination,ALeaseBert,break_option
378,Party B has not paid rent on time according to contract for more than 30 days.,Termination,ALeaseBert,break_option
379,c. Other activity of breaching the contract.,Termination,ALeaseBert,break_option
380,"Under any event of above, Party A has the right to terminate the contract, retake the property, and confiscate the deposit. Party B needs to compensate Party A with an amount equivalent to 3 months rent.",Termination,ALeaseBert,break_option
381,"Party A provides central air-conditioning for Party B at the cost of CNY 0.3 per square meter per day, (which is paid on a monthly basis).",Maintenance,ALeaseBert,services_charges
382,"Party A provides property management, such as security, cleaning, and underground parking (no less than 150 spaces, if not filled, it is up to Party A). Party B pays Party A CNY 4900 per month for property management.",Maintenance,ALeaseBert,services_charges
383,"Last Chance may use the Property, the Premises and the FF&E for any lawful purpose or use. Last Chance shall have no express or implied obligation to use or continue operation of the Premises, PROVIDED, HOWEVER, that Last Chance shall at all times take such actions as may be necessary to continue the eligibility of the Premises for a nonrestricted gaming license under legislative exemptions to NRS 463.1605.",Tenant Responsibilities,ALeaseBert,designated_use
384,"During the first year of the Initial Term, Landlord shall be obligated to repair and maintain, at its sole cost and expense, the structural components, roof and foundation of all buildings and improvements on the Property and the Premises. In the event that Landlord defaults in the performance of its obligations under this Section 6.1, Last Chance may, in its sole discretion and without obligation to do so, cure the default, after fifteen (15) days written notice to Landlord, and setoff any amounts paid against Last Chance’s Rent obligation under this Lease. In the event that any setoff to which Last Chance is entitled under this Section 6.1 exceeds Last Chance’s accrued Rent obligation on the date Last Chance exercises its option to purchase or right of first refusal under any of the Purchase Options, the purchase price or prices thereunder shall be reduced by such excess with the excess being allocated and applied as Last Chance, in its sole discretion, may elect.",Repairs,ALeaseBert,landlord_repairs
385,"Last Chance shall furnish, at its sole cost and expense, all utilities and services supplied to and used for or upon the Property or the Premises, including, but not limited to, heat, electricity, gas, fuel, oil, telephone, the garbage service, waste disposal service. Water and sewer service shall, however, be provided to Last Chance under and pursuant to the Water and Sewer Service Agreement.",Maintenance,ALeaseBert,services_charges
386,"If, at any time during the Lease Term, the Property, the Premises or the FF&E are damaged or destroyed by fire or other casualty, Landlord shall repair the Property, the Premises and/or the FF&E as herein provided. Landlord shall complete such repairs within one hundred eighty (180) days after the commencement of repairs, provided said repairs may be accomplished under the applicable laws and regulations of the appropriate governmental authorities within such time, and further provided that, if Landlord received a reasonable estimate from competent personnel hired to make such repairs that the repairs would be completed within the one hundred eighty (180) day period, but that, beyond Landlord’s control, such work is not completed but could be concluded within a reasonable time after the end of such period, Landlord shall have this additional reasonable time to complete such work. Repairs shall commence within a reasonable time after the destruction of the Property and/or Premises. If Landlord does not comply with the terms of this paragraph, Last Chance may (i) terminate this Lease, or (ii) commence making repairs to the Property, the Premises or the FF&E itself and abate any amount paid for repairs immediately against the Rent, once the Property, the Premises and the FF&E have become usable for the Last Chance’s business; repairs made by the Last Chance pursuant to this Section shall not be amortizable over the remaining Lease Term, they",Repairs,ALeaseBert,landlord_repairs
387,"shall be immediately deductible from the Rent. Commencing with the date of damage or destruction and continuing during the course of repairs, Last Chance shall only be required to pay Rent in proportion to those portions of the Property, Premises and FF&E which Last Chance can reasonably use; the remaining portion of the Rent during that period shall abate until repairs or restoration are completed.",Repairs,ALeaseBert,landlord_repairs
388,The designated usage of the Premises is for warehouse.,Tenant Responsibilities,ALeaseBert,designated_use
389,Party B undertakes to Party A that the Premises shall be used only for the purpose of warehouse and simple packing and it shall comply with the national and municipal laws and regulations in relation to the usage of houses and property management.,Tenant Responsibilities,ALeaseBert,designated_use
390,"Party A shall have the right to take back the Premises upon the expiration of the term of the lease, and Party B shall return the Premises punctually.",Termination,ALeaseBert,reinstatement_clause
391,"Party B shall return the Premises to Party A no later than the day following the date of the expiration of the tenancy unless Party A agrees to renew the lease. If Party B fails to return the Premises punctually without the consent of Party A, it shall pay the rent to Party A during the period of occupation of the Premises.",Termination,ALeaseBert,reinstatement_clause
392,Party B may sublet part or the whole of the Premises to another party during the tenancy with consent of Party A.,Tenant Responsibilities,ALeaseBert,sublease_permitted
393,Both parties agree that neither party shall be liable to the other party if this Contract is terminated upon the occurrence of any of the following events at any time during the term of the lease:,Termination,ALeaseBert,break_option
394,(1) The use right of the land on which the Premises are situated is early revoked according to the law.,Termination,ALeaseBert,break_option
395,(2) The Premises are requisitioned according to the law for the public interest.,Termination,ALeaseBert,break_option
396,(3) The Premises are included in the demolition permission scope for urban development according to the law.,Termination,ALeaseBert,break_option
397,"(4) The Premises get damaged, destroyed or are regarded as dangerous.",Termination,ALeaseBert,break_option
398,(5) The Premises are to be disposed of under mortgage which Party A has informed Party B of before the leasing.,Termination,ALeaseBert,break_option
399,"Both parties agree that if any of the following events occurs, either party may inform the other party upon a written notice to terminate this Contract. The defaulting party shall pay the other party a penalty as liquidated damages equal to three times of the monthly rent. If the said liquidated damages are insufficient to make up for the losses suffered by the other party, the defaulting party shall further compensate for the balance thereof:",Termination,ALeaseBert,break_option
400,"(1) Having failed to hand over the Premises punctually, Party A again fails to hand over the same within 15 days from the date of Party B’s written demand.",Termination,ALeaseBert,break_option
401,"(2) The Premises handed over by Party A fail to comply with the conditions as herein contained, which frustrates the purpose of the lease; or the Premises are defective and endanger the safety of Party B.",Termination,ALeaseBert,break_option
402,"(3) Party B changes the usage of the Premises without written consent of Party A, which causes damage to the Premises.",Termination,ALeaseBert,break_option
403,(4) The main structure of the Premises is damaged at fault of Party B.,Termination,ALeaseBert,break_option
404,"(5) Party B sublets the Premises, transfers the leasing right of the Premises or exchanges with a third party their respective leased premises without permission.",Termination,ALeaseBert,break_option
405,(6) The aggregate amount of days of delayed payment of rent exceeds 1 month.,Termination,ALeaseBert,break_option
406,"In the event that the Premises have been defective by the time of handing over, Party A shall repair the Premises within three days from the date of handing over. If failed to repair the Premises punctually, Party A shall reduce the rent and amend the provisions in relation to the rent.",Repairs,ALeaseBert,landlord_repairs
407,The charge of property management shall be: Party B shall pay RMB800 to Party A each month for waste disposal.,Maintenance,ALeaseBert,services_charges
408,"Party A is entitled to terminate the Contract unilaterally and claim for the overdue payment in case Party B’s overdue payment in aggregate (including without limitation room rate, incidental expense, overdue fine, etc.) exceeds 65% of the deposit. Party B shall be responsible for any result incurred therefrom.",Termination,ALeaseBert,break_option
409,"Party A shall be responsible for repair and maintenance of electricity, air-conditioning, water supply, drainage and elevator; responsible for repair, maintenance, cleaning, refurbishment of the external wall, phone line, sewer, conduit, sanitary installation, down pipe and water installation, and the relevant fees to keep the aforesaid devices under normal operation (the devices and requirements installed by Party B shall be negotiated by the parties).",Repairs,ALeaseBert,landlord_repairs
410,"Provided Party B requires terminating the lease within the term of lease, Party A shall withhold the deposit as the liquidated damages.",Termination,ALeaseBert,break_option
411,"In the event that Party A terminates the Contract due to its own while Party B does not commit default acts, Party A shall pay to Party B liquidated damages in an amount equal to the deposit.",Termination,ALeaseBert,break_option
412,"Party A shall issue a valid invoice for the property management fee to Party B in accordance with the amount of the property management fee specified herein. The amount of property management fee is RMB2,619.24 per month and shall be borne by Party B.",Maintenance,ALeaseBert,services_charges
413,two months’ rent are paid additionally as security deposit.,Security Deposit,ALeaseBert,guarantee_transferable
414,"Party A must pay the property management fees to the property management company of Jianwai SOHO on a monthly basis. The property management fee shall be paid according to the relevant rules of the property management company. The property management company may adjust the rate of property management fee from time to time. The rate of the property management fee shall be applied to the Leased Unit, as well as all owners and tenants of Jianwai SOHO.",Maintenance,ALeaseBert,services_charges
415,"Upon execution of this Contract, Party B shall pay a security deposit (“Security Deposit”) to Party A equal to two months’ rent, i.e. RMB92,946.64 (only including net rent and property management fee), as the security for Party B’s faithful performance of all terms and conditions of this Contract. Upon receipt of the security deposit, Party A shall issue a receipt to Party B.",Security Deposit,ALeaseBert,guarantee_transferable
416,"Party B shall indemnify Party A against all losses and damages if Party B fails to pay any due or payable rent hereunder or causes any actual loss or damage to Party A (other than natural wear and tear in the Leased Unit or any renovation, furniture or electric appliance therein). During the term of this Contract, Party B may not use the security deposit to set off the due and payable rent or any other fees specified herein, or assign the security deposit to any third party or set any guaranty on the security deposit.",Repairs,ALeaseBert,damage
417,"Upon occurrence of any of the circumstances listed in Article 9.5, Party A may unilaterally terminate this Contract, without any compensation to Party B.",Termination,ALeaseBert,break_option
418,"Upon expiry of the lease term or termination of this Contract (including termination due to breach of contract), Party B must evacuate from the Leased Unit and return the same to Party A within three (3) days. If Party B fails to do so on time, Party A may immediately retrieve the Leased Unit and the keys thereto, and may also change the lock, control the access of other persons and clear away all articles from the Leased Unit. In that case, Party B shall be responsible for all consequences and liabilities resulting therefrom.",Termination,ALeaseBert,reinstatement_clause
419,Party A shall use the Premises for its own business and operation. Any change of the purpose of the Premises shall be subject to the approval and confirmation by Party A upon Party B’s written application materials.,Tenant Responsibilities,ALeaseBert,designated_use
420,"Upon the expiry of this Contract, Party A shall unconditionally return the deposit to Party B without any interests within 3 days after Party B pays off the entire rental and other related fees and returns the Premises and performs other obligations pursuant to the provisions of this Contract.",Security Deposit,ALeaseBert,guarantee_transferable
421,"During the lease term, Party B shall pay the following fees on a timely manner and shall be liable for the delay of payment.",Maintenance,ALeaseBert,services_charges
422,Electricity fees: Party B shall install the sub-electric meter at its own expenses and pay the electricity fees incurred during its use of the Premises according to the power consumption load declared by it. Party A shall collect electricity fees on behalf the Songjiang power plant in accordance with its standards. All the electricity bills shall be paid 2 days before the deadline requested by the Songjiang power plant. The electricity fees born by Party B refer to the actually incurred electricity fees AKVA of (XX?KVA) and the basic electricity fees of KVA part of (XX?-A). The part exceeding (XX?KVA) shall be handled according to the charge standards of Songjiang power plant. Party A shall provide Party B with effective invoice of the same kind.,Maintenance,ALeaseBert,services_charges
423,"Water fees: If Party B needs to directly connect into the network water pipe of Party A, Party B shall install the water meter at its own expenses. Party B shall pay the water fees for the actual used quantity to Party A according to the price fixed by the water supply company of Songjiang district of Shanghai. Party A shall provide Party B with effective invoice of the same kind.",Maintenance,ALeaseBert,services_charges
424,"Telephone, ADSL fees: Party B shall apply to install the telephone and internet at its own expenses and Party A shall provide support on this. The telephone and internet fees shall be born by Party B according to the price fixed by the Shanghai telecommunication bureau.",Maintenance,ALeaseBert,services_charges
425,"Fees for garbage collection: During the course of filling-out of the Premises, the building wastes of Party B shall be collected and handled by the decoration firm appointed by Party B and the daily rubbish shall be collected and handled by Party A. During the course of manufacturing, the daily rubbish of Party B shall be collected and handled by Party A, and the manufacturing wastes of Party B shall be collected and handled by the garbage colleting company appointed by Party B and at Party B’s expenses.",Maintenance,ALeaseBert,services_charges
426,"However, Party B shall be liable for the damages of the Premises and other facilities due to its improper management or use and shall compensate for the losses.",Repairs,ALeaseBert,damage
427,"If any of the following events happens to Party B, Party A is entitled to terminate this Contract and take back the Premises before the expiration of this Contract. In addition, Party B shall be liable for the losses incurred to Party A:",Termination,ALeaseBert,break_option
428,"1.Party B sublets, transfers, operates jointly with others, contributes or exchanges the Premises to any other parties without the approval of Party A;",Termination,ALeaseBert,break_option
429,2.Party B changes the structure of the Premises without the approval of Party A;,Termination,ALeaseBert,break_option
430,"3.Party A can not unilaterally terminate this Contract for the reason of any acquisition, merger or separation;",Termination,ALeaseBert,break_option
431,"4.Party B delays to pay the rental, property management fees or other fees (water, electricity, telecom, and so on) for two consecutive months;",Termination,ALeaseBert,break_option
432,5.Party B conducts illegal activities in the Premises and infringes the social public interests.,Termination,ALeaseBert,break_option
433,"Upon the effectiveness of this Contract and/or during the tenancy, in the event that Party A refuses to perform or/and early terminates this Contract (except for the cases specified in Article 10 hereunder), Party A shall compensate Party B with rental of three months and the fees in relation to the filling out and return the investment fees in connection with power facilities paid by Party B. In addition, Party A shall assist Party B in searching for similar warehouse. If Party B refuses to perform and/or early terminates this Contract, Party B shall compensate Party A with rental of four months.",Termination,ALeaseBert,break_option
434,"Upon the expiry or early termination of this Contract, Party B shall return the Premises and the right to use the land to Party A in a good condition. Party B shall repair it or compensate Party A for any contrived damage.",Termination,ALeaseBert,reinstatement_clause
435,The rent shall not include other fees set forth herein such as the property management fee and public facilities fees (including electricity fee and telephone fee).,Maintenance,ALeaseBert,services_charges
436,"Party B shall make payment in an amount equal to 3 months’ rent and 3 months’ property management fee as guarantee deposit for Party B’s compliance and performance of all its obligations and provisions hereunder as of the date of this Contract. Should Party B does not breach this Contract within the term of lease, such deposit shall be returned to Party B bearing no interest or compensation within 30 days after the clearance of the related payment, upon expiration of the term of lease, or upon termination or dissolution of this Contract.",Security Deposit,ALeaseBert,guarantee_transferable
437,The leased unit is to be used for office purposes only. No other use of the leased unit is permitted.,Tenant Responsibilities,ALeaseBert,designated_use
438,"Party B shall not use, or allow others to use, the leased unit and any part of it as studio, religion or other rituals, or for gambling, illegal or immoral purposes; neither shall Party B use the leased unit to perform political activity.",Tenant Responsibilities,ALeaseBert,designated_use
439,"Without Party A’s written consent, Party B shall not transfer, sublease the leased unit and its any part in any forms or means, neither shall it assign the right to use in any means.",Tenant Responsibilities,ALeaseBert,sublease_permitted
440,"Upon expiration of the lease term or early termination of this Contract, Party B shall remove any additional installation or change to the leased unit, restore the leased unit to its original state (except ordinary depreciation and abrasion) when delivered to Party B, and return the leased unit to Party A in good, clean, leasable, solid and easy to maintenance state. Otherwise, Party A may reclaim the leased unit or restore the leased unit to its original state, all expenses arising herefrom shall be borne Party B and Party A shall not be liable for losses to Party B.",Termination,ALeaseBert,reinstatement_clause
441,"Lightning, power, power for air-conditioning, water supply and telephone costs incurred in connection with leasehold shall be borne by lessee and costs of subscription relevant to such utilities shall be settled in line with system to be determined by Lessor. Such costs do not enclose joint use costs mentioned in Annex-1 and share contribution to management costs. If there exists payments to be made by reason of gauges to be read off, these shall be payable by tenant to Ankara Cyberpark in line with system to be determined by Ankara Cyberpark and until date of final payment. Tenant shall bear accountability for safety and cleaning of leasehold.",Maintenance,ALeaseBert,services_charges
442,"Lessee shall be liable to effect small repairs to be carried out within leasehold. With the object of preserving and protecting with due care Leasehold and common facilities attached thereto, Lessee shall be obligated to repair, by taking on costs, material and equipment such as doors, gates, sanitary installations, illumination elements, glass panels, heating and air-conditioning installations existing and available in Leasehold and fixtures handed over to itself within the frame of provisions of Annex-1 herewith and to have maintenance work performed as long as hereby lease contract remains valid and in effect.",Repairs,ALeaseBert,landlord_repairs
443,Lessee shall not hire leasehold to third parties as well as shall not leave leasehold to third parties for these latter to avail themselves of its use without seeking approval for in writing from Ankara Cyberpark.,Tenant Responsibilities,ALeaseBert,sublease_permitted
444,This refundable security deposit is to be returned to the Lessee in the end of the lease term if the leasehold is returned in the same,Security Deposit,ALeaseBert,guarantee_transferable
445,Commercial office,Tenant Responsibilities,ALeaseBert,designated_use
446,The Tenant must pay on time all:,Maintenance,ALeaseBert,services_charges
447,"(a) charges for electricity, gas, oil, water, telephone and any other services separately metered and consumed in the Premises;",Maintenance,ALeaseBert,services_charges
448,use the Premises only for the Permitted Use;,Tenant Responsibilities,ALeaseBert,designated_use
449,"If any damage is caused to the Building or the Premises due to a Tenant Cause, the Tenant must promptly reinstate the Building or the Premises (including structural repairs) to the condition they were in before the Tenant Cause.",Repairs,ALeaseBert,damage
450,The Tenant must not grant any sub-lease of the Premises without the Landlords prior written consent. The Landlord will consent to a sub-lease of the whole or part of the Premises if the Tenant complies with the Dealing Conditions.,Tenant Responsibilities,ALeaseBert,sublease_permitted
451,"must, but only if required by the Landlord, remove all or part of the Tenants Fixtures, and if required by the Landlord remove all fitout (regardless of who owns it), fixtures, fittings, furnishings, cables, conduits, wires (including, without limit, to the extent required by the Landlord, any existing partitioning or items which may be owned by the Landlord, the Tenant or a previous tenant);",Termination,ALeaseBert,reinstatement_clause
452,"reinstate and make good all penetration, including without limit the interconnecting wall to 343 George Street, Sydney;",Termination,ALeaseBert,reinstatement_clause
453,"The Landlord shall, as soon as reasonably practicable after the Commencement Date, at its own cost, undertake the following in a good workmanlike manner:",Repairs,ALeaseBert,landlord_repairs
454,(a) undertake a review of the air-conditioning in the Premises and resolve any base building issues identified in that review to the reasonably satisfaction of the Tenant. Such review must be undertaken promptly by an appropriately qualified licensed contractor;,Repairs,ALeaseBert,landlord_repairs
455,(b) use reasonable endeavours to have the staged works being completed by the fire damper contractor finalised as soon as practicable.,Repairs,ALeaseBert,landlord_repairs
456,"It is understood and agreed between parties hereto that said premises during the continuance of this lease shall be used and occupied for automotive examination and related activities and for no other purpose or purposes without the written consent of the Landlord, and that the Tenant will not use the premises for any purpose in violation of any law, municipal ordinance or regulation, and that on any breach of this agreement the Landlord may at his option terminate this lease forthwith and reenter and repossess the leased premises.",Tenant Responsibilities,ALeaseBert,designated_use
457,"The Landlord after receiving written notice from the Tenant and having reasonable opportunity thereafter to obtain the necessary workmen therefor agrees to keep in good order and repair the roof and the four outer walls of the premises but not the doors, door frames, the window glass, window casings, window frames, windows or any of the appliances or appurtenances of said doors or window casings, window frames and windows, or any attachment thereto or attachments to said building or premises used in connection therewith. Tenant shall be responsible for maintenance of electrical, plumbing, and HVAC in accordance with manufacturer’s specifications, provided all are in good working condition upon commencement of the Lease.",Repairs,ALeaseBert,landlord_repairs
458,"The Tenant will pay all charges made against said leased premises for gas, water, heat and electricity during the continuance of this lease, as the same shall become due.",Maintenance,ALeaseBert,services_charges
459,"Tenant agrees to pay for all utilities for the premises known as 1521 E. Avis Drive, Madison Heights, Michigan, including gas, electricity, water, CATV, sewage charges, and trash removal.",Maintenance,ALeaseBert,services_charges
460,The designated usage of the Premises is for warehouse and simple packing.,Tenant Responsibilities,ALeaseBert,designated_use
461,Party B undertakes to Party A that the Premises shall be used only for the purpose of warehouse and simple packing,Tenant Responsibilities,ALeaseBert,designated_use
462,Both parties agree that Party B shall pay Party A the Deposit equal to the rent of / month in an amount of RMB/ when Party A hands over the Premises.,Security Deposit,ALeaseBert,guarantee_transferable
463,"During the tenancy, in the event that Party B discovers any damage or breakdown of the Premises and accessory facilities, it shall notify Party A promptly for reparation. Party A shall repair them within 2 days from the date of receipt of the notice. If Party A fails to repair in time, Party B may repair them at the cost of Party A.",Repairs,ALeaseBert,landlord_repairs
464,"If Party B fails to return the Premises punctually without the consent of Party A, it shall pay the rent to Party A during the period of occupation of the Premises. At least rent for one month shall be charged.",Termination,ALeaseBert,reinstatement_clause
465,Party B shall have the right to terminate the contract if Party A has one of the following acts:,Termination,ALeaseBert,break_option
466,"(1) Party A fails to perform building repair obligations, and Party B’s normal operation and use are severely affected by Party A’ reason.",Termination,ALeaseBert,break_option
467,Party A shall have the right to terminate the contract and retract the leased building during lease period of factory area and buildings if Party B has one of the following acts:,Tenant Responsibilities,ALeaseBert,sublease_permitted
468,"Party A shall warrant Party B’s normal use of factory area and building during lease period. If Party A fails to perform repair obligations or Party B performs repairs in case of emergency, Party A shall pay to Party B or such repair amounts shall be deducted from rent, provided that Party B provides effective voucher.",Repairs,ALeaseBert,landlord_repairs
469,"Other expenses incurred due to the house rental, including but not limited to water, electricity, gas, network, landline, television communication, decoration management fees and etc, shall be paid by Party B to related departments or the property management company. The above-mentioned fees should be paid according to the requirements of property management company and charging departments. When there is an adjustment on the charges, the fees should be paid according to the latest adjusted standards.",Maintenance,ALeaseBert,services_charges
470,The Tenant shall not underlet the whole or a permitted part of the Premises,Tenant Responsibilities,ALeaseBert,sublease_permitted
471,unless the proposed undertenant has first covenanted by deed with the Landlord in such form as the Landlord may reasonably require that with effect from the date of the underlease and during the period whilst the undertenant remains bound by the tenant covenants of the underlease the undertenant will observe and perform all the provisions of the underlease to be observed and performed by the undertenant; nor,Tenant Responsibilities,ALeaseBert,sublease_permitted
472,"The Tenant shall pay and indemnify the Landlord against all reasonable and proper liability, all",Maintenance,ALeaseBert,services_charges
473,"reasonable and proper costs, fees, charges, disbursements and expenses connected with, incidental to, consequent upon and (where appropriate)",Maintenance,ALeaseBert,services_charges
474,"The Tenant is responsible for and shall indemnify and keep the Landlord indemnified against all claims, demands, actions, or proceedings made or brought and all losses, damages, costs, expenses and liabilities incurred, suffered or arising directly or indirectly in respect of or otherwise connected with:",Maintenance,ALeaseBert,services_charges
475,the use and occupation of the Premises;,Maintenance,ALeaseBert,services_charges
476,Upon the Determination of the Term the Tenant shall:,Termination,ALeaseBert,reinstatement_clause
477,remove all signs and tenant’s fixtures and fittings and furniture and effects making good any damage to the Premises so caused; and,Termination,ALeaseBert,reinstatement_clause
478,yield up the Premises in a state and condition consistent with due compliance by the Tenant with its covenants and obligations under the Lease,Termination,ALeaseBert,reinstatement_clause
479,"The Landlord is not responsible to the Tenant or to anyone at the Premises with the Tenant’s express or implied authority for any accident, injury, damage or loss save for acts of negligence on the part of the Landlord its servants agents and employees acting within the direct scope of their authority",Repairs,ALeaseBert,damage
480,If the Tenant wishes to determine the Lease at the expiry of the fifth year of the Agreed Term and gives to the Landlord not less than six months prior written notice (as to which period time shall be of the essence) and shall have paid the Rent upto the Determination of the Term then upon the expiry of the above mentioned notice period the Lease shall cease and determine without prejudice to any antecedent claim or breach of covenant by either party against the other arising under the Lease,Termination,ALeaseBert,break_option
481,In the event that the Tenant exercises the break option contained in Clause 47.1 then (so long as such warranties or reports as herein referred to are capable of being assigned) the Tenant shall assign the residue of any warranties or reports granted to the Tenant by the Landlord’s contractor and members of its professional team at the start of the Lease to any third party nominated by the Landlord and it is hereby agreed that the provisions of this Clause 47.2 shall apply in the event of any earlier determination of the Lease howsoever occurring,Termination,ALeaseBert,break_option
482,"After the contract term expires, the Lessor has right to take back the Leased Property, and the Lessee shall return the Property and move out of the house in advance of two weeks",Termination,ALeaseBert,reinstatement_clause
483,"The lease deposit of this contact is 10,000 Yuan (Say Ten Thousand Yuan Only).",Security Deposit,ALeaseBert,guarantee_transferable
484,"The Lessee shall pay the water & electricity fees to the relevant management department independently, and the Lessee shall take charge of the coordination",Maintenance,ALeaseBert,services_charges
485,"After the expiry date of the contract, and the following conditions are satisfied, the Lessor shall return the deposit to the Lessee within 15 working days without the interests",Security Deposit,ALeaseBert,guarantee_transferable
486,"During the contract term, the Lessee shall assume the water & electricity fees, communication fees, decoration fees and all the fees needed for the normal use of relevant supported facilities.",Maintenance,ALeaseBert,services_charges
487,"The Lessee shall enjoy the use right of the Leased Property and attached facilities during the lease term, and it shall be responsible for the repair and maintenance of relevant facilities in the Property; it shall guarantee that the relevant facilities are in the good state and it can be returned together with the Leased Property during the lease term when the contract terminates. The Lessee has right to examine and supervise.",Repairs,ALeaseBert,landlord_repairs
488,"The Lessee shall not terminate the contract in advance without the written permission of the Lessor. If the Lessee needs to terminate the contract in advance, it shall notify the Lessor in the written form before two months, and it can terminate the contract after completing the following procedures:",Termination,ALeaseBert,break_option
489,Return the Leased Property to the Lessor;,Termination,ALeaseBert,break_option
490,Pay off the rent and other relevant fees;,Termination,ALeaseBert,break_option
491,It shall pay the item that is equal to 2 times of the rent of the current month as the compensation for the Lessor at the day before the termination date or in advance of this date.,Termination,ALeaseBert,break_option
492,"The deposit is 100,000 Yuan totally.",Security Deposit,ALeaseBert,guarantee_transferable
493,"The Lessee shall remit the deposit and the rent of the first year to the specified bank account of the Lessor within three days after signing the contract, and the Lessor shall deliver the Land to the Lessee within three days after receiving the above items.",Security Deposit,ALeaseBert,guarantee_transferable
494,"During the lease term, if the Lessee doesn’t pay the rent or water & electricity management fees exceeding one month’s valid date, within five days since the Lessor notifies the Lessee of the payments in the written form, the Lessee doesn’t pay the relevant items; in this case, the Lessor has right to terminate the contract, and the Lessee shall take all the responsibilities.",Termination,ALeaseBert,break_option
495,The designated usage of the Premises is complex. The type of the Premises is factory building. The structure of the Premises is reinforce concrete.,Tenant Responsibilities,ALeaseBert,designated_use
496,Party B undertakes to Party A that the Premises shall be used only for the purpose of office and it shall comply with the national and municipal laws and regulations in relation to the usage of houses and property management.,Tenant Responsibilities,ALeaseBert,designated_use
497,Party B undertakes not to change the usage stipulated above without written consent of Party A and approvals of related departments according to the relevant rules and regulations.,Tenant Responsibilities,ALeaseBert,designated_use
498,"Both parties agree that Party B shall pay Party A the Deposit equal to the rent of one month in an amount of RMB85,330 when Party A hands over the Premises.",Security Deposit,ALeaseBert,guarantee_transferable
499,"During the tenancy, Party B shall bear the costs of water, electricity, gas, air-condition, telecom, equipments, parking and property management relating to the use of the Premises.",Maintenance,ALeaseBert,services_charges
500,"Party B shall return the Premises to Party A on the date of the expiration of the tenancy unless Party A agrees to renew the lease. If Party B fails to return the Premises punctually without the consent of Party A, it shall pay double of the rent to Party A during the period of occupation of the Premises.",Termination,ALeaseBert,reinstatement_clause
501,"Both parties agree that if any of the following events occurs, either party may inform the other party upon a written notice to terminate this Contract. The defaulting party shall pay the other party a penalty as liquidated damages equal to two times of the monthly rent. If the said liquidate damages are insufficient to make up for the losses suffered by the other party, the defaulting party shall further compensate for the balance thereof:",Termination,ALeaseBert,break_option
502,(6) Party B fails to pay the rent for 1 month.,Termination,ALeaseBert,break_option
503,"Storage, distribution and ancillary offices or any use within Classes B1(c), B2 and B8 of the Schedule to the Town and Country Planning (Use Classes) Order 1987 as originally enacted",Tenant Responsibilities,ALeaseBert,designated_use
504,No,Termination,ALeaseBert,break_option
505,Not to underlet the whole of the Premises without the consent of the Landlord (which consent shall not be unreasonably withheld) except:,Tenant Responsibilities,ALeaseBert,sublease_permitted
506,to a person who has covenanted with the Landlord:,Tenant Responsibilities,ALeaseBert,sublease_permitted
507,to observe the Tenant's obligations in the Lease (other than the payment of rents),Tenant Responsibilities,ALeaseBert,sublease_permitted
508,not to transfer the Premises without the Landlord's consent (which shall not be unreasonably withheld if the conditions which are referred to in clause 4.16.4 are first satisfied) and,Tenant Responsibilities,ALeaseBert,sublease_permitted
509,not to transfer or underlet part of the Premises or otherwise part with possession or share the occupation of the Premises or any part of them,Tenant Responsibilities,ALeaseBert,sublease_permitted
510,by reserving as a yearly rent without payment of a fine or premium an amount equal to the then open market rack rental value of the Premises and to be payable by equal quarterly instalments in advance on the usual quarter days and by reserving as additional rents amounts equal to and payable at the same times as the other rents reserved by this lease,Tenant Responsibilities,ALeaseBert,sublease_permitted
511,by a form of underlease (which does not express any sum to be payable by reference to a percentage or proportion of the rent or any other sum payable under this lease but which requires it to be payable and assessed in accordance with the same principles as are required by this lease) to be approved by the Landlord such approval not to be unreasonably withheld,Tenant Responsibilities,ALeaseBert,sublease_permitted
512,At the expiry of the Term to return all keys of the Premises to the Landlord and to remove all chattels and (to the extent the Landlord may reasonably require) tenant's fixtures and to vacate the Premises reinstated and restored and made good in accordance with clause 4.13.5 and in the state of repair and condition otherwise required by this lease and any licences or consents issued pursuant to it under which the Tenant was permitted to carry out alterations to the Premises subject to a liability to reinstate,Termination,ALeaseBert,reinstatement_clause
513,If the Premises are damaged or destroyed by any of the Insured Risks and as a result are substantially unfit for occupation and use for the purposes of the business lawfully carried on at the Premises either the Landlord or the Tenant may subject to the conditions set out in clause 6.4.2 determine this lease,Repairs,ALeaseBert,damage
514,"After the lease term expires, the Lessor has right to take back the Leased Property, and the Lessee shall return the Property and move out of the house in advance of two weeks;",Termination,ALeaseBert,reinstatement_clause
515,"The Lessee shall pay the water & electricity fees to Lessor according to the actual use and charging standard of the Lessor. The unit price of water fee is 4.4 Yuan/m3, and the unit price of electricity fee is 1.05 Yuan/degree.",Maintenance,ALeaseBert,services_charges
516,"The Lessee shall pay the water & electricity fees of last month to the Lessor on the tenth day of this month or before that day. The Lessee shall pay the liquidated damages to the Lessor if the water & electricity fees are overdue, with the amount of: delayed days×5/10000 of total owed rent.",Maintenance,ALeaseBert,services_charges
517,"The Lessor shall be responsible for the repair and maintenance of relevant facilities in the Property or entrust the Lessee to maintain, and the maintenance fees shall be assumed by the Lessor. The Lessor shall guarantee that the Property can meet the use purpose in the Contract of the Lessee. If Lessor intends to examine and maintain the Property, it shall notify the Lessee in advance of three days. The Lessee shall coordinate the inspection and maintenance works, and the Lessor shall try its best to reduce the probability to affect the use of the Lessee.",Repairs,ALeaseBert,landlord_repairs
518,"During the lease term, if there are natural damage or roof leakage, etc. which affect the normal use of the Lessee, the Lessee shall notify the Lessor promptly in the written form, and adopt necessary measures, to avoid the loss, otherwise, the Lessee shall assume the responsibility itself; the Lessor has no responsibility for the loss formed before notifying of the Lessee.",Repairs,ALeaseBert,damage
519,"The Lessor shall take the repair works within 30 working days after receiving the written notice of the Lessee, and if it doesn’t repair in time, the Lessee has right to repair itself.",Maintenance,ALeaseBert,services_charges
520,The Lessee shall be responsible for the maintenance and repair of the relevant facilities,Repairs,ALeaseBert,landlord_repairs
521,guarantee that the relevant facilities are in good state when terminating the Contract.,Termination,ALeaseBert,reinstatement_clause
522,The Lessor has the right to inspect this matter.,Termination,ALeaseBert,reinstatement_clause
523,"After permitted by the Lessor in the written form, the Lessee can sublease part of the Property, and it shall not transfer the entire property to be leased by other party. The Lessee shall take charge of managing the subleased part, including receiving the rent from the sublessee. The responsibility and rights of the two parties in the Contract shall not be changed owing to the subleasing.",Tenant Responsibilities,ALeaseBert,sublease_permitted
524,"If there is subleasing, the Lessee shall comply with the following terms:",Tenant Responsibilities,ALeaseBert,sublease_permitted
525,The sublease term shall not exceed the lease period agreed in the Contract;,Tenant Responsibilities,ALeaseBert,sublease_permitted
526,The use purpose of the subleased party shall not exceed the purpose regulated in the Contract;,Tenant Responsibilities,ALeaseBert,sublease_permitted
527,"The Lessee shall list clearly in the sublease agreements that if the Lessee and Lessor terminate the Contract in advance, the sublease contract shall also be terminated.",Tenant Responsibilities,ALeaseBert,sublease_permitted
528,"The Lessee shall request the sublessee to sign the guarantee letter, to perform the regulations with regards to the sublease issues in the Contract of Lessor and Lessee, and the sublessee shall guarantee to assume the associated responsibilities with the Lessee. When the Lessee terminates the Contract, the sublease contract is also terminated, and the sublessee shall move out of the property without conditions.",Tenant Responsibilities,ALeaseBert,sublease_permitted
529,"Whether the Lessee terminates the Contract or not, it shall handle all the disputes aroused from the sublease behaviors.",Tenant Responsibilities,ALeaseBert,sublease_permitted
530,"During the lease term, if the Lessee owes the rent or water & electricity fees over one month, and the Lessee doesn’t pay the relevant items within five days after receiving the notice of the Lessor, the Lessor has right to prevent the Lessee from using of relevant facilities.",Maintenance,ALeaseBert,services_charges
531,"The Lessee shall not terminate the contract in advance without the permission of the Lessor. If the Lessor needs to terminate the contract in advance, it shall notify the Lessee in the written form in advance of two months, and finish the following procedures:",Termination,ALeaseBert,break_option
532,It shall pay the item that is equal to 2 times of the rent of the current month as the compensation fees for the Lessor at the day before the termination date or in advance of this date.,Termination,ALeaseBert,break_option
533,"If the Lessee cannot perform the contract owing to the revision of national laws and regulations or local government behaviors or policy regulations of higher management department, the two parties will take no responsibilities, but they shall notify each other in accordance with the regulations of item 2 of this article.",Termination,ALeaseBert,break_option
534,"If there are natural disasters, wars or other unpredictable and inevitable force majeure factors, which causes the failure to perform the Contract, the relevant party shall notify the other party by mailing or fax, and provide the detailed situation as well as the certifying documents with regards to the failure of performance, or failure to perform part of the obligations or delaying of performance within 30 days; the certifying documents shall be issued by the notary organ of the local area, if this documents cannot be issued, it shall provide other effective documents. The party suffering from the force majeure can be exempted from the responsibilities.",Termination,ALeaseBert,break_option
535,"The Contract will terminate naturally if the above two reasons cause the failure of performing the contract, and the Lessee shall return the deposit and additional rent of the Lessee within 30 days after terminating the Contract, other matters shall be handled in accordance with the relevant national regulations.",Termination,ALeaseBert,break_option
536,"If the contract terminates in advance or expires, and the two parties don’t continue the agreements, the Lessee shall move out of the Property at the termination date or expiry date, and return the Property to the Lessor. If the Lessee doesn’t move out of the Property or return the Property in time, it shall pay the doubled rent to the Lessor; while the Lessor has right to notify for refusing the doubled rent in the written form, and it has right to take back the Leased Property and remove the properties forcibly; and it has no responsibility to keep the properties. If there are still the properties of Lessee within five days after moving, and the two parties have no agreements, it will be deemed as wavier of the ownership, and the Lessor will dispose these properties. If the Lessee has difficulties to find the workshop or there are other special reasons, the Lessor shall allow for delaying the term for 20 days, but the Lessee shall pay off the rent and relevant fees at one time according to the agreed rent in the contract.",Termination,ALeaseBert,reinstatement_clause
537,"The Leased Property shall be in normal using state when returning; otherwise, the Lessee shall assume the responsibility for the compensations.",Termination,ALeaseBert,reinstatement_clause
538,The designated usage of the Premises is for storage and simple packaging. The type of the Premises is warehouse. The structure of the Premises is steel structure. The floor plan of the Premises is attached hereto as Attachment 11 .,Tenant Responsibilities,ALeaseBert,designated_use
539,Party B undertakes to Party A that the Premises shall be used only for the purpose of storage and simple packaging and it shall comply with the national and municipal laws and regulations in relation to the usage of houses and property management.,Tenant Responsibilities,ALeaseBert,designated_use
540,The rent shall remain unchanged during the tenancy.,Termination,ALeaseBert,reinstatement_clause
541,(Property management fees are included.),Maintenance,ALeaseBert,services_charges
542,"During the tenancy, Party B shall bear the costs of water, electricity, telecom, equipments and property management relating to the use of the Premises. (In addition, Party B shall pay to Party A RMB500 per month for waste disposal.)",Maintenance,ALeaseBert,services_charges
543,Party B may sublet part or the whole of the Premises to another party during the tenancy (subject to the consent of Party A).,Tenant Responsibilities,ALeaseBert,sublease_permitted
544,"Both parties agree that Party B shall pay Party A the Deposit equal to the rent of / month in an amount of RMB30,000.00 when Party A hands over the Premises. (In capital: RMB THIRTY THOUSAND YUAN ONLY)",Security Deposit,ALeaseBert,guarantee_transferable
545,Party B may not sublet part or the whole of the Premises to another party during the tenancy without the written consent of Party A.,Tenant Responsibilities,ALeaseBert,sublease_permitted
546,"Party A shall ensure Party B may independently use telephone, water meter, power meter and other facilities, and suppliers of water, power, telecom and others shall charge Party B directly within the Premises.",Maintenance,ALeaseBert,services_charges
547,"Tenant shall use the Premises for only the following use and purpose: general office use. Contemporaneously with the execution of this Lease, Tenant shall provide Landlord with a letter in the form of Exhibit C attached hereto and made a part hereof. Tenant acknowledges that Tenant has determined and verified that such use is permitted by applicable zoning and other laws. Landlord will obtain an occupancy permit from the City of Middleburg Heights for Tenant’s use of the Premises. Tenant shall use and occupy the Premises in a safe and careful manner, without committing or permitting waste, and Tenant shall, at Tenant’s sole cost and expense, conform to and obey all laws, ordinances, rules, regulations and orders of any governmental bodies having jurisdiction over the Premises applicable to the use and occupancy of the Premises and any repairs or work performed on the Premises by Tenant or at the request of Tenant. If Tenant’s activities on the Premises",Tenant Responsibilities,ALeaseBert,designated_use
548,"produce gases, vapors, odors, smoke or residuary material disturbing to Landlord or other tenants or occupants of Landlord’s Property, then upon Landlord’s request, Tenant shall immediately cease such activity or install ventilating or other equipment sufficient, in Landlord’s reasonable judgment, to eliminate the disturbance.",Tenant Responsibilities,ALeaseBert,designated_use
549,"Tenant shall pay, as and when due, all electricity, gas and any other utilities furnished to the Premises during the term hereof, other than water and sewer (except as hereinafter set forth), at the rates of the utility company or municipality supplying the service and according to the readings of the meters measuring the quantity furnished. Such payments shall be made directly to the supplying utility company or municipality, except that Landlord may submeter electricity, gas or other utilities, and for any service so submetered, Tenant shall pay Landlord for the same within ten (10) days after receipt of Landlord’s statement therefor, at the same rate that Tenant would be required to pay if Tenant purchased the same amount of such service for the same period from the utility company or municipality supplying Landlord. If a submeter fails for any period, then payments shall be made in the same manner, but based on estimated use as determined by Landlord, reflecting Tenant’s consumption at the time of such failure. Landlord shall supply and pay for reasonable amounts of water and sewer charges used at or in connection with the Premises and Tenant shall pay to Landlord, within ten (10) days after receipt of Landlord’s statement therefor, the cost of water and sewer charges in excess of such reasonable amounts, as determined by Landlord. Tenant shall be responsible for the cost of any meters or submeters required with respect to any utilities used at the Premises and for the maintenance thereof. Landlord shall have no liability to Tenant or any other party for any interruption in utility services or for the failure to furnish same.",Maintenance,ALeaseBert,services_charges
550,"Concurrently with the execution of this Lease, Tenant shall deposit with Landlord the sum of Zero and 00/100ths Dollars ($0.00) (“Security Deposit”) as security for the full, prompt and faithful performance by Tenant of all of its obligations hereunder and thereafter during the continuance of this Lease shall maintain on deposit with Landlord said sum. Landlord may, without prejudicing any other rights or remedies set forth herein, apply the Security Deposit, or any part thereof, toward the cost and expense of curing any default by Tenant under this Lease (including the payment of Landlord’s attorney’s fees), in which event Tenant shall restore the Security Deposit to its original amount immediately after receipt of Landlord’s written request to do so. Within thirty (30) days following the termination of this Lease and vacation of the Premises by Tenant in the condition required by this Lease, the Security Deposit, or the portion thereof remaining unapplied after the curing of every default by Tenant, shall be returned to Tenant. No interest shall be payable to Tenant on account of the Security Deposit.",Security Deposit,ALeaseBert,guarantee_transferable
551,"Subject to Section 3.2(a) hereof, Tenant shall take possession of the Premises in its “as-is” condition as of the Commencement Date, shall not permit the Premises to be vacant during the term of this Lease and at the end of the term of this Lease or on the earlier termination hereof, shall deliver all keys to Landlord and leave and deliver the Premises to Landlord broom clean and in good condition and repair, reasonable wear and tear only excepted. All merchandise, property, material or waste left in the Premises (or adjacent interior or exterior areas) by Tenant after the end of the term of this Lease or the earlier termination hereof may be removed, stored, sold or otherwise disposed of by Landlord without notice to Tenant or liability to Landlord and Tenant shall reimburse Landlord for any costs incurred in connection therewith immediately upon demand.",Termination,ALeaseBert,reinstatement_clause
552,"Landlord shall maintain, repair and replace the roof, exterior walls (excepting any doors or windows therein), heating, air conditioning, and ventilating equipment (including any of such equipment which may be mounted on the roof of the Premises) and any other structural portions of the Premises, make any repairs or replacements of the foregoing becoming necessary during the term of this Lease, unless occasioned by any act, failure to act or negligence of Tenant, its agents, contractors, invitees, customers or employees, in which event such repairs or replacements shall be made by Landlord, at Tenant’s sole cost and expense, and Tenant shall reimburse Landlord for the cost thereof immediately upon demand. If any of the foregoing are damaged and the cause of the damage cannot reasonably be determined, then such damage shall be repaired by Landlord, at Tenant’s sole cost and expense, and Tenant shall immediately reimburse Landlord for the cost thereof upon demand.",Repairs,ALeaseBert,landlord_repairs
553,"If the Premises shall, without fault or neglect on the part of Tenant, its agents, employees, invitees, customers or employees, be damaged or destroyed by fire or other casualty covered by standard policies of fire and extended coverage insurance and such damage or destruction (exclusive of Tenant’s leasehold improvements) could reasonably be repaired within ninety (90) working days from the happening thereof, then Landlord shall proceed with all reasonable speed to repair such damage or destruction, exclusive of Tenant’s leasehold improvements which shall be the sole responsibility of Tenant. If the Premises cannot reasonably be restored within said ninety (90) day period, then Landlord may, but shall not be required to, elect to restore the Premises. If Landlord does not elect to restore the Premises, then this Lease shall terminate as of the date of such damage or destruction and both parties shall be released from further liability hereunder, without prejudice, however, to any rights accruing to either party prior to the date of such damage or destruction. If Landlord elects or is required to restore the Premises and promptly commences and thereafter diligently pursues such restoration, then this Lease shall not terminate, notwithstanding that the actual time required for such repairs or restoration may exceed that contemplated by the parties and Tenant shall be entitled to a temporary reduction in Fixed Minimum Rent, as determined by Landlord, corresponding to the time during which and that portion of the Premises of which Tenant is deprived of possession on account of such damage or destruction or the repair or restoration thereof undertaken by Landlord. Notwithstanding the foregoing, Landlord shall have the right to receive the full amount of the proceeds of any business interruption insurance for the undiminished Fixed Minimum Rent and there shall be no reduction in Fixed Minimum Rent if such damage or destruction was the result of the fault or neglect of Tenant, its agents, employees, invitees, customers and employees. Notwithstanding anything in this Lease to the contrary, Landlord shall not be obligated to repair the Premises and Landlord shall have the right to terminate this Lease if the Premises are substantially damaged or destroyed by fire or any other cause during the last two (2) years of the term of this Lease or if the Building (whether or not Premises are damaged or destroyed) or the Common Areas are substantially destroyed by fire or other cause. If the damage or destruction of the Premises is so minor that the Premises remain fit for occupancy, then Landlord shall repair such damage or destruction as promptly as reasonably possible and there shall be no abatement of Fixed Minimum Rent as a result thereof.",Repairs,ALeaseBert,damage
554,for Tenant's own use for the Permitted Use and not for purposes of speculating in real estate,Tenant Responsibilities,ALeaseBert,designated_use
555,"Immediately prior to the expiration or sooner termination of this Lease, Tenant shall remove any and all of Tenant's owned equipment, trade fixtures, furniture, supplies, wall decorations and other personal property, and the Contributed Assets from within the Leased Premises, the Building, the Common Areas, and the Property and shall vacate and surrender the Leased Premises, the Building, the Common Areas and the Property to Landlord in a safe, broom clean condition, and in compliance with Paragraph 4.10 hereof. Tenant shall repair all damage to the Leased Premises, the exterior of the Building, the Common Areas and the Property caused by Tenant's removal of Tenant's property in accordance with this Paragraph 2.5 and compliance with Paragraph 4.10 hereof. Tenant shall patch and refinish, to Landlord's reasonable satisfaction, all penetrations made by Tenant or its employees to the floor, walls, roof or ceiling of the Leased Premises, whether such penetrations were made with Landlord's approval or not. Tenant shall repair or replace all stained or damaged ceiling tiles, wall coverings and floor",Termination,ALeaseBert,reinstatement_clause
556,"coverings, to the reasonable satisfaction of Landlord. Tenant shall repair all damage caused by Tenant to the exterior surface of the Building and the paved surfaces of the Common Areas and, where necessary, replace or resurface same. Additionally, to the extent that Landlord shall have notified or is deemed to have notified Tenant in writing at the time the improvements were completed that it desired to have certain improvements made by Tenant or at the request of Tenant removed at the expiration or sooner termination of the Lease, Tenant shall, upon the expiration or sooner termination of the Lease, remove any such improvements constructed or installed by Landlord or Tenant and repair all damage caused by such removal.",Termination,ALeaseBert,reinstatement_clause
557,"Tenant shall be entitled to use the Leased Premises solely for the ""Permitted Use"" as set forth in Article 1 and for no other purpose whatsoever. Tenant shall have the non-exclusive right to use the Common Areas in conjunction with the Permitted Use of the Leased Premises solely for the purposes for which they were designed and intended and for no other purposes whatsoever.",Tenant Responsibilities,ALeaseBert,designated_use
558,"Landlord shall retain responsibility for maintaining and repairing the Leased Premises in its current condition (as of the Effective Date of this Lease) at its sole cost and expense. Landlord shall have no responsibility for any maintenance or repair of Tenant's fixtures, furniture, equipment or other personal property or for any damage to the Leased Premises caused by Tenant's overuse, negligence or willful misconduct and Tenant shall promptly repair any such damage. Notwithstanding the foregoing, pursuant to the Transition Services Agreement (as defined below),",Repairs,ALeaseBert,landlord_repairs
559,"Tenant shall have responsibility for Minor Building Repairs, Air Conditioning Troubleshooting and Minor Repairs and Material Movement.",Repairs,ALeaseBert,landlord_repairs
560,Landlord shall arrange for the supply of gas and electricity to the Leased Premises. Tenant shall provide water to the Building in accordance with the El Capitan Lease. Charges for such services are addressed in the El Capitan Lease.,Maintenance,ALeaseBert,services_charges
561,"Tenant shall not sublet the Leased Premises or any portion thereof or assign its interest in this Lease, whether voluntarily or by operation of Law, without Landlord's prior written consent which shall not be unreasonably withheld. Any attempted subletting or assignment without Landlord's prior written consent, at Landlord's election, shall constitute a default by Tenant under the terms of this Lease. The acceptance of rent by Landlord from any person or entity other than Tenant, or the acceptance of rent by Landlord from Tenant with knowledge of a violation of the provisions of this paragraph, shall not be deemed to be a waiver by Landlord of any provision of this Article or this Lease or to be a consent to any subletting by Tenant or any assignment of Tenant's interest in this Lease. If Tenant assigns this Lease (whether or not Landlord's consent is required pursuant to the terms of this Article 7), Tenant shall simultaneously assign the El Capitan Lease to the same assignee.",Tenant Responsibilities,ALeaseBert,sublease_permitted
562,"If the Leased Premises, the Building or the Common Areas are damaged by any peril after the Effective Date of this Lease, Landlord shall restore the same, as and when required by this paragraph, unless this Lease is terminated by Landlord pursuant to Paragraph 10.3 or by Tenant pursuant to Paragraph 10.4. If this Lease is not so terminated, then upon the issuance of all necessary governmental permits, Landlord shall commence and diligently prosecute to completion the restoration of the Leased Premises, the Building or the Common Areas, as the case may be, to the extent then allowed by law, to substantially the same condition in which it existed as of the Lease Commencement Date. Landlord shall have no obligation to restore any alterations, modifications or improvements made by Tenant to the Leased Premises or any of Tenant's personal property, inventory or trade fixtures.",Repairs,ALeaseBert,damage
563,"Except as otherwise provided in Paragraph 11.4 below regarding temporary takings, Tenant shall have the option to terminate this Lease if, as a result of any taking, (i) all of the Leased Premises is taken or (ii) because of the Laws then in force, the Leased Premises may not be used for the same use being made before such taking, whether or not restored as required by Paragraph 11.3 below. Tenant must exercise such option within a reasonable period of time, to be effective on the later to occur of (a) the date that possession of that portion of the Leased Premises that is condemned is taken by the condemnor or (b) the date Tenant vacated the Leased Premises.",Termination,ALeaseBert,break_option
564,"If any part of the Leased Premises or the Building is taken and this Lease is not terminated, then Landlord shall, to the extent not prohibited by Laws then in force, repair any damage occasioned thereby to the remainder thereof to a condition reasonably suitable for Tenant's continued operations and otherwise, to the extent practicable, in the manner and to the extent provided in Paragraph 10.1.",Repairs,ALeaseBert,landlord_repairs
565,"Tenant shall contract for, in its own name, and pay when due, all charges for the connection and use of water, gas, electricity, and other utility services, if any, supplied to the Leased Property during the Term. Under no circumstances shall Landlord be responsible for any interruption of any such utility service unless caused by the negligence, gross negligence or willful acts or omissions of any Landlord Party. If utilities serving the Leased Property are so disrupted on account of the negligence, gross negligence, or willful act or omission of any such Landlord Party, Landlord shall promptly restore the utilities at Landlord's sole cost and expense.",Maintenance,ALeaseBert,services_charges
566,"All the rent, Management Fee, electricity fee and other fees shall be denominated in Renminbi and shall, through such means as bank transfer, bank cheque, bank draft, etc, be paid by Party B by the first day of each month to the bank account designated by Party A.",Maintenance,ALeaseBert,services_charges
567,"When charging Party B for rent, Management Fee and electricity fee, Party A shall issue to Party A an after-tax invoice.",Maintenance,ALeaseBert,services_charges
568,"Party B shall, within five days after execution hereof, pay to Party A the following Deposits:",Security Deposit,ALeaseBert,guarantee_transferable
569,"1. Lease deposit: Renminbi ninety-three thousand ONLY (RMB93,000.00)",Security Deposit,ALeaseBert,guarantee_transferable
570,"2. Management Fee deposit: Renminbi eighteen thousand and six ONLY (RMB18,006.00)",Security Deposit,ALeaseBert,guarantee_transferable
571,"3. Electricity fee deposit: Renminbi three thousand one hundred and five ONLY (RMB3,105.00)",Security Deposit,ALeaseBert,guarantee_transferable
572,"Party B shall be responsible for repairing and cleaning the renovation facilities, equipment, etc installed within the Leased Premises.",Repairs,ALeaseBert,landlord_repairs
573,"Without the prior written consent of Party A, Party B shall not transfer, transfer lease, or sub-lease, give up, assign, arrange or trade any part or all of the Leased Premises or any of Party B’s rights or interests for any reason or in any form that may enable any third party to acquire or hold the right to use, lease or occupy the Leased Premises or any part thereof, regardless whether or not any rent or any other consideration is already paid for such acquisition or holding.",Tenant Responsibilities,ALeaseBert,sublease_permitted
574,"Upon expiration or earlier termination of the lease term hereunder, Party B, at Party A’s request, shall remove all the equipment items and renovations left in and then restore the Leased Premises. At the same time, Party A also has the right to request Party B to keep all or any part of such equipment items and renovations as embedded in the structures or walls of the Leased Premises. When removing equipment items and renovations, Party B shall maintain the integrity of the site and repair any resulting damage (except natural wear) and complete written handover formalities with Party A. If Party A has previously charged Party B any restoration deposit, Party B may, at the request of Party A, finish such restoration before requesting Party A to refund such restoration deposit without interest in accordance with the provisions of Article 4.2 herein.",Termination,ALeaseBert,reinstatement_clause
575,"If any intentional or negligent behavior of any party hereto or any of its employees or agents causes any personal injury or loss of property to the other party hereto or any third party, the breaching party shall be responsible for all the economic losses and legal consequences and liabilities.",Repairs,ALeaseBert,damage
576,General office and all other legally permitted uses consistent with the character of the Building (See also Paragraph 6),Tenant Responsibilities,ALeaseBert,designated_use
577,"Lessee shall deposit with Lessor upon execution hereof the Security Deposit as security for Lessee’s faithful performance of its obligations under this Lease. If Lessee fails to pay Rent, or otherwise Defaults under this Lease, Lessor may use, apply or retain all or any portion of said Security Deposit for the payment of any amount due already due Lessor, for Rents which will be due in the future, and/ or to reimburse or compensate Lessor for any liability, expense, loss or damage which Lessor may suffer or incur by reason thereof. If Lessor uses or applies all or any portion of the Security Deposit, Lessee shall within 10 days after written request therefor deposit monies with Lessor sufficient to restore said Security Deposit to the full amount required by this Lease. If the Base Rent increases during the term of this Lease, Lessee shall, upon written request from Lessor, deposit additional monies with Lessor so that the total amount of the Security Deposit shall at all times bear the same proportion to the increased Base Rent as the initial Security Deposit bore to the initial Base Rent. Should the Agreed Use be amended to accommodate a material change in the business of Lessee or to accommodate a sublessee or assignee, Lessor shall have the right to increase the Security Deposit to the extent necessary, in Lessor’s reasonable judgment, to account for any increased wear and tear that the Premises may suffer as a result thereof. If a change in control of Lessee occurs during this Lease and following such change the financial condition of Lessee is, in Lessor’s reasonable judgment, significantly reduced, Lessee shall deposit such additional monies with Lessor as shall be sufficient to cause the Security Deposit to be at a commercially reasonable level based on such change in financial condition. Lessor shall not be required to keep the Security Deposit separate from its general accounts. Within 60 days after the expiration or termination of this Lease, Lessor shall return that portion of the Security Deposit not used or applied by Lessor. No part of the Security Deposit shall be considered to be held in trust, to bear interest or to be prepayment for any monies to be paid by Lessee under this Lease. Notwithstanding anything to the contrary contained herein, provided that there does not then exist a Breach or Default by Lessee, on April 22, 2012 and April 22, 2013, lessor shall reduce the Security Deposit and credit to Lessee an amount equal to $55,275.00 for each such month; further provided, however, that In the event of a Breach by Lessee following said crediting, Lessor shall have the right to require Lessee to Increase the Security Deposit by the amount(s) so credited.",Security Deposit,ALeaseBert,guarantee_transferable
578,"Lessee shall use and occupy the Premises only for the Agreed Use, or any other legal use which is reasonably comparable thereto, and for no other purpose. Lessee shall not use or permit the use of the Premises in a manner that is unlawful, creates damage, waste or a nuisance, or that unreasonably disturbs occupants of or causes damage to neighboring premises or properties. Other than guide, signal and seeing eye dogs, Lessee shall not keep or allow in the Premises any pets, animals, birds, fish, or reptiles. Lessor shall not unreasonably withhold or delay its consent to any written request for a modification of the Agreed Use, so long as the same will not impair the structural integrity of the improvements on the Premises or the mechanical or electrical systems therein, and/or is not significantly more burdensome to the Premises. If Lessor elects to withhold consent, Lessor shall within 7 days after such request give written notification of same, which notice shall include an explanation of Lessor’s objections to the change in the Agreed Use.",Tenant Responsibilities,ALeaseBert,designated_use
579,"If a Premises Partial Damage that is an Insured Loss occurs, then Lessor shall, at Lessor’s expense, repair such damage (but not Lessee’s Trade Fixtures or Lessee Owned Alterations and Utility Installations) as soon as reasonably possible and this Lease shall continue in full force and effect; provided, however, that Lessee shall, at Lessor’s election, make the repair of any damage or destruction the total cost to repair of which is $10,000 or less, and, in such event, Lessor shall make any applicable insurance proceeds available to Lessee on a reasonable basis for that purpose. Notwithstanding the foregoing, if said Premises Partial Damage is not repaired within one (1) year following the date of occurrence of the Premises Partial Damage, then Lessee shall have the right to terminate this Lease upon not less than 90 days’ prior written notice to Lessor; provided, however, that, if Lessor shall complete said repair prior to the expiration of said 90-day period, then this Lease shall remain in full force and effect. Further notwithstanding the foregoing, if the required insurance was not in force or the insurance proceeds are not sufficient to effect such repair, the Insuring Party shall promptly contribute the shortage in proceeds (except as to the deductible, not to exceed $37,000, which is Lessee’s responsibility; amounts in excess thereof shall be Lessor’s responsibility) as and when required to complete said repairs.",Repairs,ALeaseBert,damage
580,"If a Premises Partial Damage that is not an insured Loss occurs, unless caused by a negligent, or wrongful act of Lessee (in which event Lessee shall make the repairs at Lessee’s expense), Lessor may either: (i) repair such damage as soon as reasonably possible at Lessor’s expense, in which event this Lease shall continue in full force and effect, or (ii) if the cost to repair such damage shall exceed $75,000, terminate this Lease by giving written notice to Lessee within 30 days after receipt by Lessor of knowledge of the occurrence of such damage. Such termination shall be effective 60 days following the date of such notice. In the event Lessor elects to terminate this Lease, Lessee shall have the right within 10 days after receipt of the termination notice to give written notice to Lessor of Lessee’s commitment to pay for the repair of such damage without reimbursement from Lessor. Lessee shall provide Lessor with said funds or satisfactory assurance thereof within 30 days after making such commitment. In such event this Lease shall continue in full force and effect, and Lessor shall proceed to make such repairs as soon as reasonably possible after the required funds are available. If Lessee does not make the required commitment, this Lease shall terminate as of the date specified in the termination notice.",Repairs,ALeaseBert,damage
581,"If at any time during the last 9 months of this Lease there is damage for which the cost to repair exceeds one month’s Base Rent, whether or not an Insured Loss, Lessor and Lessee may terminate this Lease effective 60 days following the date of occurrence of such damage by giving a written termination notice to the other Party within 30 days after the date of occurrence of such damage. Notwithstanding the foregoing, if Lessee at that time has an exercisable option to extend this Lease or to purchase the Premises, then Lessee may preserve this Lease by, (a) exercising such option. If Lessee duly exercises such option during such period, Lessor shall, at Lessor’s commercially reasonable expense, repair such damage as soon as reasonably possible and this Lease shall continue in full force and effect. If Lessee fails to exercise such option then, this Lease shall terminate on the date specified in the termination notice and Lessee’s option shall be extinguished.",Repairs,ALeaseBert,damage
582,"Lessee shall pay for all electricity and janitorial services provided to the Premises. Lessor shall provide all other utilities, including water, gas, and trash disposal, and Lessee shall pay for all costs of such utilities and services in excess of such costs for the Base Year supplied to the Premises, together with any taxes thereon. See Addendum.",Maintenance,ALeaseBert,services_charges
583,"Regardless of Lessor’s consent, no assignment or subletting shall: (i) be effective without the express written assumption by such assignee of the obligations of Lessee under this Lease, (ii) release Lessee of any obligations hereunder, or (iii) alter the primary liability of Lessee for the payment of Rent or for the performance of any other obligations to be performed by Lessee. Notwithstanding the foregoing, if Lessee assigns this Lease to any assignee who or that has then has a verifiable net worth (determined in accordance with GAAP) of [$50,000,000] or more, Lessee shall be released from any and all obligations that may arise under this Lease from and after the date of such assignment.",Tenant Responsibilities,ALeaseBert,sublease_permitted
584,The premises shall be used solely for office space.,Tenant Responsibilities,ALeaseBert,designated_use
585,“The Lessee shall undertake and directly finance the service charges required for the operation of the property. The Lessor shall be assured that the Lessee has contracted on a regular basis various maintenance work for the property by providing a copy of the signed contracts to the Lessor once they have been signed.,Maintenance,ALeaseBert,services_charges
586,"In the event that these contracts are modified or cancelled, the Lessor must be notified within fifteen days. The Lessor may verify on a yearly basis that these contracts are produced to have a legal and technical effect and verify their proper execution. The Lessor shall conduct two visits per year for monitoring.",Maintenance,ALeaseBert,services_charges
587,"The quarterly payment must include administrative fees, miscellaneous technical fees paid by the Lessee to the Lessor in the amount of 25,000 €, excluding taxes.",Maintenance,ALeaseBert,services_charges
588,The settlement shall take place once a year.,Maintenance,ALeaseBert,services_charges
589,"The Lessee shall have the authority to give notice “at the end of the third triennial period and two months” by notifying the Lessor by an extrajudicial document, at least six months prior to the expiration for the current period.”",Termination,ALeaseBert,break_option
590,"“However by derogation from the above paragraph, the Lessee shall have the authority to partially sublet the premises to one or more companies in which the Lessee holds at least 50% of their assets, in which case the Lessee must notify the Lessor in advance of all sublease contracts signed in accordance with this authorization”.",Tenant Responsibilities,ALeaseBert,sublease_permitted
591,"Guaranty Money the lease: Won eighty four million and eighty thousand ((Won)84,080,000)",Security Deposit,ALeaseBert,guarantee_transferable
592,"Monthly Management Expenses: Won one million and eight hundred and ninety one thousand and eight hundred ((Won)1,891,800) without VAT",Maintenance,ALeaseBert,services_charges
593,Due Date of Management Expenses: fifteenth day of the month,Maintenance,ALeaseBert,services_charges
594,“B” shall not use the object matter of the lease for any uses other than those stipulated in Clause 2 of Article 2.,Tenant Responsibilities,ALeaseBert,designated_use
595,"If ‘B’ wishes to cancel the contract during the lease term, ‘B’ shall notify ‘A’ in writing 60 days in advance without fail. In this case, this contract is terminated on the 60th day from the day when ‘A’ receives the written notification.",Termination,ALeaseBert,break_option
596,"If ‘B’ wishes to cancel the contract 60 days in advance in accordance with Clause 3 of Article 4, ‘B’ shall pay ‘A’ amount calculated at the annual interest rate of 15% against the guaranty money for the term ranging from the next day of contract cancellation to the 60th day, rent and management expenses. However, the term for imposing penalty shall be until either the 60th day from the day when ‘A’ receives written notification of contract cancellation or expiry date of lease contract, whichever comes earlier.",Termination,ALeaseBert,break_option
597,"Within 14 days after “B” completes restoring state of object matter of the lease, “A” shall return guaranty money. For delayed return of guaranty money, delay charge at the annual interest rate of 15% shall be imposed to “A”.",Termination,ALeaseBert,reinstatement_clause
598,"The management expenses stipulated in Clause 6 of Article 2 include expense for air-conditioning, heating, cleaning, electricity, water supply and so forth.",Maintenance,ALeaseBert,services_charges
599,"Without the written consent of “A”, “B” shall not let other persons use the object matter of lease nor put up a notice of name of persons in the room nor use it as liaison office.",Tenant Responsibilities,ALeaseBert,sublease_permitted
600,A.Nonpayment of rent or other charges for more than 2 months,Termination,ALeaseBert,break_option
601,B.In case that the right to claim the restitution of guaranty money is subject to the right of pledge or other mortgage or compulsory execution,Termination,ALeaseBert,break_option
602,C.In case that “B” is in bankruptcy or insolvency; in case that transference of the property or composition is in effect with his creditor to settle liabilities and application for the liquidation of company owned by “B” is made,Termination,ALeaseBert,break_option
603,D.Breach of any provisions in this contract,Termination,ALeaseBert,break_option
604,"If “B” evacuates without moving out his belongings or property or restoring the object matter to its original state, “B” shall pay “A” penalty which is in double of the normal rent for the period from the expiry date of this contract to the date when evacuation or restoration is actually completed. Normal rent is the sum of amount calculated by applying annual interest rate of 16% to guaranty money, rent and management expenses.",Termination,ALeaseBert,reinstatement_clause
605,"The leased premises shall be used and occupied by Tenant, subject to the conditions herein contained, for general office purposes only. In no event shall the leased premises be used or occupied by the Tenant in any manner contrary to law, zoning regulations, or recorded restrictions, if any.",Tenant Responsibilities,ALeaseBert,designated_use
606,"Hundred Sixteen ($7,216.00) Dollars prior to the commencement of the lease term as security for the performance by the Tenant of the terms of this lease. Landlord may retain said funds as their own (without being liable for interest) and may use or apply the whole or any part thereof to the extent required for the payment of any rent, additional rent or other sum as to which the Tenant is in default under the lease, or for the payment of any amount which the Landlord may be required to expend by reason of the Tenant's default in respect of any of the terms of this lease. Upon Tenant's complying with all of the terms of this lease and delivering possession of the leased premises to Landlord at the termination of the lease term, Landlord shall pay over to Tenant the amount of such security payment not therefore used or applied as herein provided. In the event of a sale or transfer by Landlord of the building of which the leased premises are a part, Landlord shall be relieved of its obligation to return the security deposit if the purchaser or transferee of the building shall assume Landlord's obligations under this lease with respect of the security deposit. The Security Deposit is due with Tenant's signing of the Lease.",Security Deposit,ALeaseBert,guarantee_transferable
607,b.All utility services are provided.,Maintenance,ALeaseBert,services_charges
608,c.To provide water for lavatory and drinking purposes in places designated by the Landlord.,Maintenance,ALeaseBert,services_charges
609,"Landlord shall pay for all electric service to the demised premises for lighting, appliances, and normal business machines.",Maintenance,ALeaseBert,services_charges
610,"Landlord shall, at its own cost and expense, except as may be provided elsewhere herein, make all necessary repairs to the corridors, lobby and structural members of the building of which the leased premises is a portion, and to the equipment used to provide the services furnished by the Landlord hereunder, unless any such damage is caused by acts or omissions of Tenant, its officers, agents, employees or invitees, in which event, Tenant shall bear the cost of such repairs. Tenant shall not injure the leased premises or the building of the which the leased premises are a part, but shall maintain the leased premises in a clean, attractive condition and in good repair, except as to damage to be repaired by Landlord as provided above and except for the cleaning services to be rendered by Landlord as provided above. Tenant further covenants not to do or suffer any waste to the leased premises.",Repairs,ALeaseBert,landlord_repairs
611,"The damage of, or destruction or injury to the leased premises or the building of which the leased premises comprise a part, by fire or the elements or other casualty which will render the premises unquestionable untenantable for more than ninety (90) days, shall cause a termination of this lease. Provided, however, that such damage, destruction or injury which will render the leased premises unquestionably untenantable for more than 20% of the unexpired term shall also, at the sole option of the Landlord, produce and work a termination of this lease. Provided, further, that if such damage, destruction, or injury to the premises shall be due to the act or negligence of Tenant, its officers, agents or employees, the Landlord alone shall have the option to produce and work a termination of this lease or to restore the premises to substantially the same condition in which they existed prior to such destruction, damage or injury.",Repairs,ALeaseBert,damage
612,"Except for claims caused by Landlord's gross negligence and willful misconduct, Landlord shall not be responsible or liable to the Tenant for any injury or damage to person or property caused by gasoline, oil, steam, gas, electricity, hurricane, tornado, earthquake, flood, wind or similar storms and disturbances, nor water, rain or snow which may be upon any sidewalk or any entranceway or which may leak or flow from the roof, skylight, trap door, sewer, gas mains or any sub surface area or opening in the building of which the leased premises constitute a part; nor for loss resulting from theft or mysterious disappearance; nor from any interference with light or air. Except for claims caused by Landlord's gross negligence and willful misconduct Landlord shall not be liable for any personal injury to Tenant, its officers, agents, employees and invitees, nor any other occupant of any part of the leased premises, nor for any damages to any property of the Tenant or of any other occupant of any part of the leased premises, irrespective of how such injury or damage may be caused, whether from action of the elements or acts of negligence of the Landlord or occupants of adjacent properties.",Repairs,ALeaseBert,damage
613,"Tenant shall not assign or encumber this lease, nor sublet nor permit the leased premises or any part thereof to be used by others, without first obtaining the prior written consent of the Landlord in each instance. Such consent shall not be unreasonably withheld by the Landlord. No such consent by the Landlord, nor the acceptance of an assignee, subtenant or occupant as a Tenant shall release the Tenant from the further performance by the Tenant of the covenants in this lease or be construed to relieve the Tenant from obtaining the consent in writing of the Landlord to any further assignment or subletting. In any event, Tenant shall remain primarily liable on this lease for the entire term hereof and shall in no way be released from the full and complete performance of all of the terms, conditions, covenants and agreements herein contained. This lease may be assigned by Landlord, in which event upon assumption of Landlord's duties and obligations hereunder by the assignee. Landlord shall be relieved of any further obligations and duties under this lease.",Tenant Responsibilities,ALeaseBert,sublease_permitted
614,"At the expiration of the lease term, Tenant shall surrender the leased premises in as good condition as they were at the beginning of the term, reasonable wear and tear excepted.",Termination,ALeaseBert,reinstatement_clause
615,The lessor is responsible for the regulated property maintenance.,Repairs,ALeaseBert,landlord_repairs
616,"With Party A’s consent, Party B’s regulated maintenance shall be paid by Party B’s first. Party A shall reduce the certain expenses from the rent payment according to the invoice provided by Party B.",Maintenance,ALeaseBert,services_charges
617,"Any repairmen cost more than RMB 5,000 shall be paid by Party A, otherwise, shall be paid by Party B.",Repairs,ALeaseBert,landlord_repairs
618,Party B shall acquire Party A’s consent before subleasing the property.,Tenant Responsibilities,ALeaseBert,sublease_permitted
619,"If Party B sublease the office to a third party without Party A’s consent, Party A has the right to terminate the lease agreement.",Termination,ALeaseBert,break_option
620,"Party B shall pay an amount of RMB 33598.80 equal to 3 months’ rent as deposit after execution of this Contract. This Contract shall become effective after Party B transfers the deposit of RMB 32665.50 under No. 0628 Lease Contract into this Contract, and after Party B pays RMB 933.30 to make up the outstanding amount of the deposit and pays the first month’s rent as well.",Security Deposit,ALeaseBert,guarantee_transferable
621,Party A is obliged to guarantee the house use right of Party B within the term of lease. Party A shall not lease the subject housing unit to a third party.,Tenant Responsibilities,ALeaseBert,sublease_permitted
622,"Party B is prohibited from changing the usage of the leased unit, transferring, subleasing, or mortgaging, pledging the leased unit to a third party without Party A’s written consent.",Tenant Responsibilities,ALeaseBert,sublease_permitted
623,"Party B shall take good care of the leased unit and its equipments. Where Party B reconstructs or demolishes the leased unit without Party A’s written consent or causes damage to the leased unit due to other reasons, Party A shall be entitled to deduct any of its losses from the deposit.",Repairs,ALeaseBert,damage
624,"The deadline of the rent shall be determined on the date when Party B restitutes the subject matter hereof, returns the key and delivers the subject matter to Party A.",Termination,ALeaseBert,reinstatement_clause
625,Party A shall not lease the subject housing unit to a third party.,Tenant Responsibilities,ALeaseBert,sublease_permitted
626,"The leased premises shall only be used by the Party B for office purpose, and the legal operation in the leased premises during the contract period will not be intervened. Without the consent in writing of the Lessor in advance, the Party B shall not use the leased premises for other purposes, otherwise the Party A has right to stop it and terminate the contract before its expiration.",Tenant Responsibilities,ALeaseBert,designated_use
627,"All the expenses for running water, electricity, natural gas, parking space, etc. incurred in the lease term, which should be paid by the Party B, shall be collected by the Party A.",Maintenance,ALeaseBert,services_charges
628,"In case the leased premises owned by the Party A was damaged by the misuse, bad management or improper maintenance of the Party B, the Party B shall inform the Party A timely, and shall bear the corresponding repair costs and compensation fees.",Repairs,ALeaseBert,landlord_repairs
629,"In case the properties or bodies of other people were damaged by the misuse, bad management or improper maintenance of Party B on the leased premises, the Party B should solve the disputes thus arisen by himself and shall bear the compensation reliability resulting from his faults.",Repairs,ALeaseBert,damage
630,"When this contract expires, the Party B should move away his own properties, facilities and other belongs from leased premises, and shall return the leased premises to the Party A within seven (7) effective working days.",Termination,ALeaseBert,reinstatement_clause
631,Utilities Any cost to prepare the electrical service for use by the Lessee shall be at the sole cost of the Lessee. Any cost of replacing lamps or ballasts or disconnects or wiring shall be at the sole cost of the Lessee. All electrical services shall be maintained according to all applicable codes.,Maintenance,ALeaseBert,services_charges
632,Use of Premises The premises shall be used for generating electricity by Lessee and for not other use or uses without the express written consent of Lessor.,Tenant Responsibilities,ALeaseBert,designated_use
633,"Destruction of Premises Should the premises or the Building of which they are a part be damaged or destroyed by any cause not the fault of Lessee, Lessor or Lessee shall have the option to repair the premises, or to cancel the lease without damages to either Lessee or Lessor.",Repairs,ALeaseBert,damage
634,"No Assignment or Subleasing Lessee shall not encumber, assign, or otherwise transfer this lease, any right or interest in this lease, or any right or interest in the premises without the prior express written consent of Lessor. Neither shall Lessee sublet the premises or any part thereof or allow any other persons, other than Lessee’s agents and servants, to occupy or use the premises or any part thereof without the prior written consent of Lessor.",Tenant Responsibilities,ALeaseBert,sublease_permitted
635,"Lessee shall use the Leased Premises for its cladding and diamond operations, which shall be conducted in accordance with all applicable Federal, State and Local laws and regulations and shall secure all necessary permits and licenses at its own expense.",Tenant Responsibilities,ALeaseBert,designated_use
636,"Mypodiamond shall have the right to construct, operate and maintain on the Leased Premises any and all improvements deemed necessary or convenient in connection with its operations and shall have the further right at any time to remove any substantial buildings or other structures of like nature that it may have placed thereon within ninety (90) days of expiration of this Lease within the terms set forth herein. Facilities, such as protective fencing and permanently installed gates, electrical wiring and air-flow baffle walls are to be left in place at the termination of this Lease or removed, at Lessors’ option, by Mypodiamond at Mypodiamond’s expense.",Tenant Responsibilities,ALeaseBert,designated_use
637,"Mypodiamond shall have no right to sublet all or any portion of the Leased Premises nor to assign this Lease, without the prior written consent of Edmund C. Harper or Lessor’s subsequent designee(s), provided, however, that no consent shall be required for Lessor to sublet all or a portion of the Leased Premises to any of the following parties: (1) Dynamic Materials Corporation (“DMC”) or (2) Ametek, Inc. Not withstanding anything to the contrary in this paragraph, Mypodiamond shall have the right to assign or sublet all or any portion of the Leased Premises including, without limitation, the right to assign this Lease or sublet all or a portion of the Leased Premises to any subsequent purchaser of DMC’s cladding business with the consent of the Lessors, which the Lessors agree shall not be unreasonably withheld.",Tenant Responsibilities,ALeaseBert,sublease_permitted
638,"Lessee shall have the right to terminate this Lease on December 15, 2005 or at any time thereafter upon giving written notice to Edmund C. Harper at 1823 Martin Avenue, Fremont, OH 43420 (or at any other address that may be supplied in writing to Mypodiamond from time to time) to that effect at least twelve (12) months prior to the effective date of termination.If however, Lessee terminates this lease at any time prior to December 15, 2025, then Lessee shall pay to Lessors a sum equal to five (5) times the annual rental in effect at the time of termination, in sixty equal monthly installments commencing on the fifteenth day of the",Termination,ALeaseBert,break_option
639,"month immediately following termination. If Mypodiamond provides such termination notice to Lessor, then Lessor shall provide notice of such termination notice to all permitted Sublessees, if any, and any permitted sublessees shall have the option, within fifteen (15) days of receiving such notice from Lessors, to assume all of Mypodiamond’s rights and obligations under this Lease.",Termination,ALeaseBert,break_option
640,"Upon the expiration or prior termination of this Lease, Mypodiamond shall surrender possession of the Leased Premises to Lessors with the former Blue Stone Mine situate thereon to be in substantially the same condition as it was on the date hereof.",Termination,ALeaseBert,reinstatement_clause
641,"The property shall be used as: . During the term of lease, Party B warrants that it shall not use the property for an unspecified purpose of its own accord without first obtaining the written consent of Party A and the approval of the relevant departments as stipulated.pharmaceutical plant",Tenant Responsibilities,ALeaseBert,designated_use
642,"Party B shall assume and pay the expenses for the use of water, electricity, etc. (including that apportioned in accordance with the number of people using each of the public restroom facilities) on the leasing premises to Party A during the month [in which they are due].",Maintenance,ALeaseBert,services_charges
643,"Return: Upon completion of the term of lease or dissolution of the contract herein, Party B shall return the property and its supporting facilities in a timely manner. Upon acknowledgement of the inspection acceptance, Party A and Party B shall sign and seal the “Inventory of Supporting Facilities on the Property.” Party A and Party B shall pay off their respective payable expenses. Once the property herein is returned, Party A is entitled to dispose of any articles left on the premises for which Party B has not obtained Party A’s consent.",Termination,ALeaseBert,reinstatement_clause
644,"Unless otherwise agreed upon by the two parties hereto, Party B may not sublease the property herein to any other party during the term of lease, either partially or in its entirety, without obtaining prior written consent from Party A.",Tenant Responsibilities,ALeaseBert,sublease_permitted
645,"When subleasing the property, Party B shall enter into a written sublease contract with the sublessee as stipulated, and shall complete all registration procedures for the property lease contract with the executive management authorities of the property to be leased.",Tenant Responsibilities,ALeaseBert,sublease_permitted
646,Party B shall assume compensation and liabilities to Party A for any damage caused by the sublessee to the property herein and its supporting facilities,Tenant Responsibilities,ALeaseBert,sublease_permitted
647,The contract herein may be dissolved upon consultation and consent between Party A and Party B.,Termination,ALeaseBert,break_option
648,Party B has the right to unilaterally dissolve the contract herein in the event that any one of the following is applicable to Party A:,Termination,ALeaseBert,break_option
649,i). Party A fails to transfer the property herein within 10 days after the time stipulated.,Termination,ALeaseBert,break_option
650,ii). The transferred property’s non-compliance with the stipulations of the contract herein seriously affects Party B’s use thereof.,Termination,ALeaseBert,break_option
651,iii). Party A’s failure to undertake its obligations to perform maintenance as stipulated results in Party B’s inability to properly use the property.,Termination,ALeaseBert,break_option
652,iv). The transferred property presents a hazard to the safety or health of Party B.,Termination,ALeaseBert,break_option
653,Party A has the right to unilaterally dissolve the contract herein and repossess the property in the event that any one of the following is applicable to Party B:,Termination,ALeaseBert,break_option
654,"i). Party B either fails to pay, or pays in an untimely manner, the rental fee within 10 days after the time stipulated.",Termination,ALeaseBert,break_option
655,"ii). The total of outstanding expenses which Party B is required to pay amounts to RMB 1,000 [or more].",Termination,ALeaseBert,break_option
656,iii). Party B uses the property for an unspecified purpose of its own accord.,Termination,ALeaseBert,break_option
657,"iv). Party B tears down, moves or damages the main structure of the property of its own accord.",Termination,ALeaseBert,break_option
658,v). Party B subleases the property to a third party of its own accord.,Termination,ALeaseBert,break_option
659,vi). Party B uses the property to engage in illegal activities.,Termination,ALeaseBert,break_option
660,vii). Party B uses other space of its own accord without the consent of Party A.,Termination,ALeaseBert,break_option
661,viii). Party B erects any structures which are in violation of regulations.,Termination,ALeaseBert,break_option
662,"At the time when the initial rent is paid, Party B shall pay Party A certain deposit equivalent to three months’ rent and three months’ property management fee as security for Party B’s performance of various provisions hereunder. See the exact amount in Section 5 of Agreed Provisions of Contract.",Security Deposit,ALeaseBert,guarantee_transferable
663,"The Parties shall pay their respective lease-related taxes and fees arising during the lease term in accordance with relevant government regulations, including without limitation notary fee, stamp duty, registration fee and other related fees.",Maintenance,ALeaseBert,services_charges
664,"Party A shall collect charges such as electricity fee from Party B in accordance with the standards published by Party A. If the State adjusts the charges such as electricity fee during the term of contract, Party A shall and shall have the right to adjust the fees accordingly).",Maintenance,ALeaseBert,services_charges
665,"Upon expiration of this Contract, Party B shall reinstate the Leased Units and return them to Party A. With Party A’s written consent, all or part of the aforementioned fitting-out may be transferred to Party A without charge. In this case, Party B may be exempt from the reinstatement obligation. However, if Party B causes damage to the Leased Units during its use of the Leased Units, it shall be responsible for the reinstatement. If Party B cannot reinstate the Leased Units, it shall compensate for such damage.",Termination,ALeaseBert,reinstatement_clause
666,"Upon expiration or termination of this Contract, Party B shall empty and leave the Leased Units prior to expiration of this Contract or within 10 business days upon the termination date. In the meantime, Party B shall pay the rent, property management fee and other expenses arising out of Party B’s occupation and use of the Leased Units or other public space, and shall reinstate the Leased Units at its own expenses and return the Leased Units to Party A after it passes Party A’s acceptance check, and shall also return all keys to the Leased Units.",Termination,ALeaseBert,reinstatement_clause
667,"If Party B fails to return the Leased Units as required, Party A shall have the right to empty and reinstate the Leased Units of Party B, and all expenses incurred by Party A shall be borne by Party B, including without limitation, the expenses for empting and reinstating the Leased Units and for storing Party B’s materials in the Leased Units in another place (the period for such storage shall be no longer than 30 days, and Party A shall not be liable for any harm or damage to the materials stored during the said period. If the storage period is longer than 30 days, it shall be deemed Party B automatically waives the ownership to such materials. Party A shall have the right to dispose of any of such materials and Party B shall waive any claim for compensation or indemnification. The proceeds from Party A’s disposal of such materials shall belong to Party A, and the expenses incurred by Party A in disposing of such materials shall be borne by Party B.) Prior to Party A’s exercise of such right, and while Party B continues to occupy the Leased Units, Party B shall continue to pay Party A the rent for occupation of the Leased Units and other related expenses for such period in accordance with this Contract.",Termination,ALeaseBert,reinstatement_clause
668,The Leased Units may only be used as Party B’s office.,Tenant Responsibilities,ALeaseBert,designated_use
669,"Upon the execution of Chengjiang Plaza Lease Contract between Party A and Party B on December 27, 2005, Party B has paid Party A RMB19,8931.59 as security deposit, which will be automatically carried over as the deposit for the renewal of such lease.",Security Deposit,ALeaseBert,guarantee_transferable
670,"Zhongtulian has the duty to settle payables as identified in this Contract. These payables shall include but without limited to the Rent (charges payable to Changhe at Zhongtulian’s account to settle possession of this Premise for lease period), PMF (Property management fee) and Miscellaneous Charges (Collectively the ""Payables"")",Maintenance,ALeaseBert,services_charges
671,"In addition to the agreements above, Changhe may, immediately after the end date of this Contract, take action to cease energy supply and provision of PMS to the Premise in full or in part; change premise door lock, vacate the Premise; remove or dispose Zhongtulian's goods such as decorations, facilities installed at the Premise(the right to remove or dispose shall not be interpreted as Changhe's duty to keep decorations, facilities with due prudence, and Changhe is waivered from compensation due to Zhongtulian) ; provided costs in removal or disposal above are at Zhongtulian's charge to settle.",Termination,ALeaseBert,reinstatement_clause
672,"At contract termination, Zhongtulian shall restore reconstruction/decoration works that alterthe Premise’s initial structure",Termination,ALeaseBert,reinstatement_clause
673,"Without Changhe prior consent, Zhongtulian is denied to sublease this Premise (sublease shall mean any form of activity to lease this Premise to third party for utilization or use together).",Tenant Responsibilities,ALeaseBert,sublease_permitted
674,"Default in sublease shall entitle Changhe to cancel this Contract. If sublease is accepted under Changhe's consent in writing, Zhongtulian shall accept the joint and several liabilities for tenant. Unless Changhe prior consent, sublease is deemed to take effect if Zhongtulian is one of the followings:",Tenant Responsibilities,ALeaseBert,sublease_permitted
675,"Commencing with the Construction Access Date and thereafter throughout the term of this Lease (including the early possession period under Section 2.2 above), Tenant shall pay, before delinquency, all charges for water, gas, heat, light, electricity, power, sewer, telephone, alarm system, janitorial and other services or utilities supplied to or consumed in or with respect to the Premises (other than any costs for water, electricity or other services or utilities furnished with respect to the Common Areas, which costs shall be paid by Landlord and shall constitute Operating Expenses under Section 5.2 hereof), including any taxes on such services and utilities. It is the intention of the parties that all such services shall be separately metered to the Premises. In the event that any utilities or services supplied to the Premises are not separately metered, then the amount thereof shall be allocated in a reasonable, good faith and appropriate manner by Landlord between the Premises and the other buildings, premises or areas sharing such utilities or services, and the portion thereof allocable to the Building may, in Landlord’s discretion, either be included in Operating Expenses allocable to the Building under Section 5.1 hereof or be billed directly to Tenant and paid or reimbursed by Tenant within ten (10) business days after receipt of Landlord’s statement and request for payment, accompanied by reasonable supporting documentation evidencing the calculation or determination of the amount for which payment or reimbursement is requested. Notwithstanding the foregoing provisions, during any portion of the period prior to the Rent Commencement Date in which Landlord is performing repairs or construction of improvements in the Premises, (a) if Tenant is neither operating its business in the Premises nor performing any material construction of improvements in the Premises, Landlord shall bear all utilities charges for the Premises; and (b) if Tenant is operating its business in the Premises and/or performing any material construction of improvements in the Premises, utilities charges for the Premises shall be allocated between Landlord and Tenant on the basis of a reasonable, good faith estimate of their respective usage of such utilities.",Maintenance,ALeaseBert,services_charges
676,"(a) Repairs and Maintenance. Landlord shall repair and maintain or cause to be repaired and maintained the Common Areas of the Center and the roof, exterior walls and other structural portions of the Building. The cost of all work performed by Landlord under this Section 8.1 shall be an Operating Expense hereunder, except to the extent such work (i) is required due to the negligence of Landlord; (ii) involves the repair or correction of a condition or defect that Landlord is required to correct pursuant to Section 2.3 hereof; (iii) is a capital expense not includible (or in excess of the amounts includible on an amortized basis) as an Operating Expense under Section 5.2 hereof, or is otherwise expressly excluded from treatment as an Operating Expense under any other applicable provision of Section 5.2 hereof; (iv) results from an event of casualty or condemnation covered by Article 13 hereof (in which event the",Repairs,ALeaseBert,landlord_repairs
677,"provisions of such Article 13 shall govern the parties’ rights and obligations); or (v) is required due to the negligence or willful misconduct of Tenant or its agents, employees or invitees (in which event Tenant shall bear the full cost of such work pursuant to the indemnification provided in Section 10.6 hereof, subject to the release set forth in Section 10.4 hereof). Tenant knowingly and voluntarily waives the right to make repairs at Landlord’s expense (except as specifically provided in paragraph (b) below), or to offset the cost thereof against rent, under any law, statute, regulation or ordinance now or hereafter in effect.",Repairs,ALeaseBert,landlord_repairs
678,"Subject to Sections 9.3, 9.4 and 9.6 hereof, Tenant shall use the Premises solely for an office, research and development, engineering, laboratory, manufacturing (including, but not limited to, the manufacturing of medical devices), assembly and warehousing facility, including (but not limited to) clean rooms, administrative offices, and other lawful purposes reasonably related to or incidental to such specified uses (subject in each case to receipt of all necessary approvals from the City of Mountain View and all other governmental agencies having jurisdiction over the Premises), and for no other purpose, unless Landlord in its reasonable discretion otherwise consents in writing.",Tenant Responsibilities,ALeaseBert,designated_use
679,"Except in the case of a Permitted Transfer, Tenant shall not have the right or power to assign its interest in this Lease, or make any sublease of the Premises or any portion thereof, nor shall any interest of Tenant under this Lease be assignable involuntarily or by operation of law, without on each occasion obtaining the prior written consent of Landlord, which consent shall not be unreasonably withheld, conditioned or delayed. Any purported sublease or assignment of Tenant’s interest in this Lease requiring but not having received Landlord’s consent thereto (to the extent such consent is required hereunder) shall be void. Without limiting the generality of the foregoing provisions, Landlord may withhold consent to any proposed subletting or assignment solely on the ground, if applicable,",Tenant Responsibilities,ALeaseBert,sublease_permitted
680,"that the use by the proposed subtenant or assignee is not a permitted use hereunder and is reasonably likely to be incompatible with Landlord’s use of the balance of the Center. Except in the case of a Permitted Transfer, any dissolution, consolidation, merger or other reorganization of Tenant, or any sale or transfer of substantially all of the stock or assets of Tenant in a single transaction or series of related transactions, shall be deemed to be an assignment hereunder and shall be void without the prior written consent of Landlord as required above. Notwithstanding the foregoing, (i) neither an initial public offering of the common stock of Tenant, nor any other sale of Tenant’s capital stock through any public securities exchange or market, nor any other issuance of Tenant’s capital stock for bona fide financing purposes, nor any consolidation, merger or reorganization in which Tenant is the surviving entity, shall be deemed to be an assignment, subletting or transfer hereunder; and (ii) Tenant shall have the right to assign this Lease or sublet the Premises, or any portion thereof, without Landlord’s consent (but with prior or concurrent written notice by Tenant to Landlord), to any Affiliate of Tenant, or to any entity which results from a merger or consolidation involving Tenant, or to any entity which acquires substantially all of the stock or assets of Tenant as a going concern (each, a “). For purposes of the preceding sentence, an Permitted Transfer”“of Tenant shall mean any entity in which Tenant owns at least a fifty percent (50%) equity interest, any entity which owns at least a fifty percent (50%) equity interest in Tenant, and/or any entity which is related to Tenant by a chain of ownership interests involving at least a fifty percent (50%) equity interest at each level in the chain. Landlord shall have no right to terminate this Lease in connection with, and shall have no right to any sums or other economic consideration resulting from, any Permitted Transfer. Except as expressly set forth in this Section 11.1, however, the provisions of Section 11.2 shall remain applicable to any Permitted Transfer and the transferee under such Permitted Transfer shall be and remain subject to all of the terms and provisions of this Lease. Affiliate”",Tenant Responsibilities,ALeaseBert,sublease_permitted
681,"If the Premises or any portion of the Common Areas of the Center necessary for Tenant’s use and occupancy of the Premises is damaged or destroyed in whole or in any substantial part during the term of this Lease, Landlord shall obtain from Landlord’s architect, as soon as practicable (and in all events within forty-five (45) days) following the damage or destruction, (i) the architect’s reasonable, good faith estimate of the time within which repair and restoration of the Premises and Common Areas (if applicable) can reasonably be expected to be completed to the extent necessary to enable Tenant to resume its full business operations in the Premises without material impairment and (ii) the architect’s reasonable, good faith opinion as to whether repair and restoration to that extent will be permitted under applicable governmental laws, regulations and building codes then in effect (collectively, the “). If the damage or destruction materially impairs Tenant’s ability to conduct its business operations in the Premises, and if either (A) the estimated repair time specified in the Architect’s Estimate exceeds nine (9) months (or, in the case of an occurrence during the final year of the term of this Lease, sixty (60) days, Architect’s Estimate”provided that if Landlord elects to terminate this Lease under this clause (A) on the basis of an Architect’s Estimate showing an estimated repair time of more than sixty (60) days but not more than nine (9) months with respect to a casualty occurring during the final year of the initial term or first extended term [if applicable] of this Lease but prior to a valid exercise by Tenant of its option to extend the then-current term of this Lease, and if Tenant, with ten (10) days after receipt of written notice of Landlord’s election to terminate, validly exercises in writing any then-exercisable option of Tenant to extend the term of this Lease under Section 2.6 above, then Landlord’s election to terminate shall be void and of no force or effect and the rights and obligations of the parties shall be determined under this Article 13 without regard to such purported termination by Landlord) or (B) the Architect’s Estimate states that repair and restoration of the affected areas to the extent necessary to enable Tenant to resume its full business operations in the Premises without material impairment will not be permitted under applicable governmental laws, regulations and building codes then in effect, then in either such event either Landlord or Tenant may terminate this Lease as of the date",Repairs,ALeaseBert,damage
682,"of the occurrence by giving written notice to the other party within thirty (30) days after the date of the occurrence or fifteen (15) days after delivery of the Architect’s Estimate, whichever is later. In addition, Landlord shall have a similar termination right if the damage or destruction arises from a risk that is not required to be insured against (and is not actually insured against) by Landlord under this Lease and if Landlord’s architect reasonably estimates that the uninsured cost to restore the portions of the Premises and Building for which Landlord is responsible to the condition required above would exceed five percent (5%) of the then applicable replacement cost of the entire Premises, unless Tenant agrees in writing, within ten (10) days after being notified of Landlord’s exercise of its termination right, to bear the restoration costs in excess of such five percent (5%) limit and, if reasonably requested by Landlord, agrees to provide security in an amount and on terms reasonably satisfactory to Landlord for Tenant’s performance of such payment obligation. If the circumstances creating a termination right under the preceding two sentences do not exist, or if such circumstances exist but neither party timely exercises any applicable termination right, then this Lease shall remain in full force and effect and (x) Landlord, as to the Common Areas of the Center and as to the shell of the Building and the alterations, additions and improvements that Landlord is required to insure under Section 10.1(d) above, and (y) Tenant, as to the alterations, additions and improvements that Tenant is required to insure under Section 10.1 (e) above, shall respectively commence and complete, with all due diligence and as promptly as is reasonably practicable under the conditions then existing, the repair and restoration of such respective portions of the Property and Premises to a condition substantially comparable to that which existed immediately prior to the damage or destruction; provided, however, that Tenant in its discretion may elect not to repair, rebuild or replace any or all of the items which would otherwise be Tenant’s responsibility under clause (y) of this sentence to the extent such items were constructed or installed at Tenant’s sole expense and without any use of funds from the Tenant Improvement Allowance.",Repairs,ALeaseBert,damage
683,"(a) Cash Security Deposit. Within ten (10) days after mutual execution of this Lease, Tenant shall deposit with Landlord the sum of Five Hundred Thousand and No/100 Dollars ($500,000.00), which sum, subject to and including any adjustment thereto pursuant to Section 16.1(c) below (as so adjusted, if applicable, the “shall be held by Landlord as security for the faithful performance of all of the terms, covenants and conditions of this Lease to be kept and performed by Tenant during the term hereof. If Tenant defaults (beyond any applicable cure period) with respect to any provision of this Lease, including, without limitation, the provisions relating to the payment of rental and other sums due hereunder, Landlord shall have the right, but shall not be required, to use, apply or retain all or any part of the Security Deposit for the payment of rental or any other amount which Landlord may spend or become obligated to spend by reason of Tenant’s default or to compensate Landlord for any other loss or damage which Landlord may suffer by reason of Tenant’s default. If any portion of the Security Deposit is so used or applied, Tenant shall, within ten (10) days after written demand therefor, deposit cash with Landlord in an amount sufficient to restore the Security Deposit to its original amount and Tenant’s failure to do so shall be a material breach of this Lease. Landlord shall not be required to keep any deposit under this Section separate from Landlord’s general funds, and Tenant shall not be entitled to interest thereon. Provided that no uncured event of default by Tenant then exists under this Lease, the Security Deposit and the Letter of Credit as defined below (if applicable), or any balance thereof, shall be returned to Tenant or, at Landlord’s option, to the last assignee of Tenant’s interest hereunder, at the expiration of the term of this Lease and after Tenant has vacated the Property. In the event of termination of Landlord’s interest in this Lease, Landlord shall transfer all deposits then held by Landlord under this Section to Landlord’s successor in interest, whereupon Tenant agrees to release Landlord from all liability for the return of such deposit or the accounting thereof. Security Deposit”)",Security Deposit,ALeaseBert,guarantee_transferable
684,"Lessee may use the Premises for the purpose of conducting therein office, research and development, light manufacturing, and warehouse activities, and any other legal activity.",Tenant Responsibilities,ALeaseBert,designated_use
685,"Lessee shall deposit with Lessor the sum of One Million Two Hundred Sixty Five Thousand Dollars ($1,265,000) (the “Security Deposit”). The Security Deposit shall be held by Lessor as security for the faithful performance by Lessee of all of the terms, covenants, and conditions of this Lease applicable to Lessee. The Security Deposit will be reduced to Six Hundred Thirty Two Thousand Five Hundred Dollars ($632,500) when the Lessee achieves four consecutive quarters of net income and positive cash flow, excluding extraordinary items, as reported on their securities filings with the U.S. Securities and Exchange Commission (the “Security Deposit Reduction Event”). Following the Security Deposit Reduction Event if the Lessee reports two consecutive quarters of net loss and negative cash flow, excluding extraordinary items, as reported on their securities filings with the U.S. Securities and Exchange Commission, Lessor will have the right to require the Lessee to increase the Security Deposit to One Million Two Hundred Sixty Five Thousand Dollars ($1,265,000) within fifteen (15) days after Lessor’s written notice to Lessee; provided, however, that upon any subsequent occurrence of a Security Deposit Reduction Event, the Security Deposit will again be reduced to Six Hundred Thirty Two Thousand Five Hundred Dollars ($632,500) until such time, if any, as Lessee thereafter reports two consecutive quarters of net loss and negative cash flow, excluding extraordinary items, as reported on its securities filings with the U.S. Securities and Exchange Commission, Lessor will again have the right to require the Lessee to increase the Security Deposit to One Million Two Hundred Sixty Five Thousand Dollars ($1,265,000) within fifteen (15) days after Lessor’s written notice to Lessee. If Lessee commits a default as provided for herein (after applicable notice and cure periods), including but not limited to a default with respect to the provisions contained herein relating to the condition of the Premises, Lessor may (but shall not be required to) use, apply or retain all or any part of the Security Deposit for the payment of any amount which Lessor may spend by reason of default by Lessee. If any portion of the Security Deposit is so used or applied, Lessee shall, within ten days after written demand therefor, deposit cash with Lessor in an amount sufficient to restore the Security Deposit to itsimmediately prior amount. Lessee’s failure to do so shall be a default by Lessee. Any attempt by Lessee to transfer or encumber its interest in the Security Deposit shall be null and void.",Security Deposit,ALeaseBert,guarantee_transferable
686,"Lessee agrees on the last day of the Lease Term, or on the sooner termination of this Lease, to surrender the Premises to Lessor in Good Condition and Repair “Good Condition and Repair” shall generally mean that the Premises are in the condition that one would expect the Premises to be in, if throughout the Lease Term Lessee (i) uses and maintains the Premises in a commercially reasonable manner and in an accordance with the requirements of this Lease and (ii) makes all Required Replacements. “Required Replacements” are the replacements to worn-out (non-repairable) equipment, fixtures, and improvements, including the Captial Replacements that a commercially reasonable owner-user would make. All of the following shall be in Good Condition and Repair: (i) the interior walls and floors (new carpet will not be required at the end of the Lease Term) of all offices and other interior areas, (ii) all suspended ceilings and any carpeting shall be clean and in good condition, (iii) all glazing, windows, doors and door closures, plate glass, (iv) all electrical systems including light fixtures and ballasts, plumbing, and temperature control systems; and (v) the existing approximately 20,000 square feet of Class 10 clean room. Lessee, on or before the end of the Lease Term or sooner termination of this Lease, shall remove all its personal property and trade fixtures from the Premises, and all such property not so removed shall be deemed to be abandoned by Lessee. Lessee shall reimburse Lessor for all disposition costs incurred by Lessor relative to Lessee’s abandoned property. If the Premises are not surrendered at the end of the Lease Term or earlier termination of this Lease, Lessee shall indemnify Lessor against loss or liability resulting from any delay caused by Lessee in surrendering the Premises including, without limitation, any claims made by any succeeding Lessee founded on such delay.",Termination,ALeaseBert,reinstatement_clause
687,"Lessee shall not commit, or suffer to be committed, any waste upon the Premises, or any nuisance, or other act or thing which may disturb the quiet enjoyment of any other tenant in or around the buildings in which the subject Premises are located or allow any sale by auction upon the Premises, or allow the Premises to be used for any improper, immoral, unlawful or objectionable purpose, or place any loads upon the floor, walls, or ceiling which may endanger the structure, or use any machinery or apparatus which will unreasonably vibrate or shake the Premises or the building of which it is a part, or place any harmful liquids in the drainage system of the building. No waste materials or refuse shall be dumped upon or permitted to remain upon any part of the Premises outside of the building proper. No materials, supplies, equipment, finished products or semi-finished products, raw materials or articles of any nature shall be stored upon or permitted to remain on any portion of the Premises outside of the building structure, unless approved by the local, state federal or other applicable governing authority. Lessor consents to Lessee’s use of materials which are incidental to Lessee’s normal, day-to-day operations, but this does not relieve Lessee of any of its obligations not to contaminate the Premises and related real property or violate any Hazardous Materials Laws.",Tenant Responsibilities,ALeaseBert,designated_use
688,"Lessee shall pay for all water, gas, heat, light, power, telephone and other utilities supplied to the Premises. Any charges for sewer usage, PG&E and telephone site service or related fees shall be the obligation of Lessee and paid for by Lessee. If any such services are not separately metered to Lessee, Lessee shall pay a reasonable proportion of all charges which are jointly metered, the determination to be made by Lessor acting reasonably and on any equitable basis. Lessor and Lessee agree that Lessor shall not be liable to Lessee for any disruption of the utility service to the Premises.",Maintenance,ALeaseBert,services_charges
689,"Lessee shall not assign this Lease, or any interest therein, and shall not sublet the said Premises or any part thereof, or any right or privilege appurtenant thereto, or cause any other person or entity , to occupy or use the Premises, or any portion thereof, without the advance written consent of Lessor which shall not be unreasonably withheld. Notwithstanding the above, Lessee may, without the consent of Lessor, assign this Lease or sublet all or any part of the Premises to a bona fide subsidiary or affiliate of Lessee, an entity in which or with which Lessee merges or an entity which acquires all or substantially all of the assets of Lessee (“Excepted Party”). Any such assignment or subletting requiring Lessor’s consent made without Lessor’s consent shall be void, and shall, at the option of the Lessor, terminate this Lease. This Lease shall not, or shall any interest therein, be assignable, as to the interest of Lessee, by operation of law, without the written consent of Lessor. Notwithstanding Lessor’s obligation to provide reasonable approval, Lessor reserves the right to withhold its consent for any proposed sublessee or assignee of Lessee if the proposed sublessee or assignee is a user or generator of Hazardous Materials to an extent greater than Lessee’s use of Hazardous Materials at the Premises as of the Commencement Date. If Lessee desires to assign its rights under this Lease or to sublet all or any part of the Premises to a party other than an Excepted Party, Lessee shall first notify Lessor of the proposed terms and conditions of such assignment or subletting. With respect to any such proposed assignment of this Lease or sublease if the assignee or sublessee, respectively, fully occupies either the single story 60,482 square foot building or the 2-story 35,208 square foot building or the entire Premises, Lessor, at its sole option, shall have the right (i) to enter into a direct Lessor-lessee relationship with such party under such proposed terms and conditions, in which event Lessee shall be relieved of its obligations hereunder to the extent of the Lessor-lessee relationship entered into between Lessor and such third party, or (ii) to terminate the Lease and relieve Lessee of all Lease obligations occurring after the termination of the Lease. Notwithstanding the foregoing, Lessee may assign this Lease to an Excepted Party, provided there is no substantial reduction in the net worth of the Excepted Party below that of Lessee immediately before such assignment and the Security Deposit will remain in place. Whether or not Lessor’s consent to a sublease or assignment is required, in the event of any sublease or assignment, Lessee shall be and shall remain primarily liable for the performance of all conditions, covenants, and obligations of Lessee hereunder and, in the event of a default by an assignee or sublessee, Lessor may proceed directly against the original Lessee hereunder and/or any other predecessor of such assignee or sublessee without the necessity of exhausting remedies against said assignee or sublessee. Notwithstanding anything in this Lease to the contrary, Lessor acknowledges that Lessee currently intends to market the Premises and this Lease to prospective assignees of Lessee’s interest under this Lease. Lessor therefore agrees that Lessor will consent to such a proposed assignment of this Lease by Lessee, provided that (a) Lessee is not then in default under this Lease (beyond applicable notice and cure periods), (b) the proposed assignee has a net worth in excess of Fifty Million Dollars ($50,000,000) and the assignee’s financial statements prepared in accordance with U.S. GAAP, has net income and positive cash flow, excluding extraordinary items, during the four (4) calendar quarters immediately precedingLessee’s request for Lessor’s consent to such assignment, and (c) Lessee pays all brokerage commissions and any other out of pocket costs in connection with completing such assignment. Upon any such assignment of this Lease, Lessor and Lessee shall execute a Settlement Agreement and Release in the form attached hereto as Exhibit B, and the assignee shall be deemed to be an Excepted Party hereunder.",Tenant Responsibilities,ALeaseBert,sublease_permitted
690,At the expiration or sooner determination of the Term quietly to yield up the Demised Premises in such state and condition as shall in all respects be consistent with the full and due performance and observance by the Tenant of the covenants on its part herein contained together with all additions and improvements to the Demised Premises and all fixtures which during the Term may be affixed or fastened to or upon the Demised Premises (tenant’s or trade fixtures only excepted) and to remove every sign writing or notice of the name or business of the Tenant or other occupiers from the Demised Premises and to make good all damage caused by such removal or by the removal of tenant’s fixtures and fittings furniture and effects Provided that if at the expiration or sooner determination of the Term any tenant’s fixtures and fittings and any equipment furnishings or goods shall not have been removed by the Tenant and the Landlord does not require them then the Landlord may within a reasonable period after such expiration or sooner determination at its,Termination,ALeaseBert,reinstatement_clause
691,option either direct the Tenant in writing to remove them or itself remove and dispose of them in either case at the expense of the Tenant and without being liable to the Tenant for any loss,Termination,ALeaseBert,reinstatement_clause
692,The Tenant will not use the Demised Premises nor permit or suffer the same to be used otherwise than (i) as a high quality hotel (“the Hotel Use”) in keeping with the prestigious nature of the present listed building on the Demised Premises and with the surrounding area and/or (ii) as high class offices (“the Office User”) (excluding offices for turf accountancy pools promoter estate agency travel agency or staff agency (except where such offices are for head office purposes) job centre or any government department where members of the public generally attend whether at a counter or otherwise without the,Tenant Responsibilities,ALeaseBert,designated_use
693,necessity of appointment PROVIDED THAT for so long as the Demised Premises are used for the Hotel Use not more than fifteenper centum of the total floor area of the Demised Premises (excluding the basement sub-basement and ground floors) may be used as offices PROVIDED THAT in all cases the Tenant shall at all times comply with any then current Planning Consents,Tenant Responsibilities,ALeaseBert,designated_use
694,Not to use or permit or suffer to be used the Demised Premises or any part thereof for any illegal or immoral purpose or for any dangerous noxious noisy or offensive trade or business or purpose whatsoever nor except when the Demised Premises are used for Hotel Use to permit or suffer any person to sleep therein NOR except as may be consistent with the Hotel Use (i) permit any musical instrument gramophone wireless tape recorder loud speaker or similar apparatus to be played or used thereon so as to be audible from outside the Demised Premises or (ii) permit or suffer the Demised Premises to be used for the purpose of any betting transaction within the meaning of the Betting Gaming and Lotteries Act 1963 or for gaming within the meaning of the Gaming Act 1968 with or between persons resorting to the Demised Premises and not to make or permit or suffer to be made any application for a Betting Office Licence,Tenant Responsibilities,ALeaseBert,designated_use
695,or a Licence or registration under the Gaming Act 1968 in respect of the Demised Premises,Tenant Responsibilities,ALeaseBert,designated_use
696,The Tenant will not do or suffer or permit to be done upon the Demised Premises anything which may be or become a nuisance damage danger or annoyance to the Landlord or the owners or occupiers of Adjoining Property and will not permit or suffer any sale by auction or public meeting to be held upon the Demised Premises save (for such times as the Demised Premises are used for Hotel Use) as may be consistent with Hotel Use,Tenant Responsibilities,ALeaseBert,designated_use
697,The Hotel Use and the Office Use may include (but not as a predominant use) restaurants and bars and a gymnasium car park and retail sales accessed from inside the Demised Premises,Tenant Responsibilities,ALeaseBert,designated_use
698,Not to underlet parts of the Demised Premises so that the floors set out below are in the possession or occupation of more than the number of separate persons set out against them the Tenant in each case counting as one such person,Tenant Responsibilities,ALeaseBert,sublease_permitted
699,To notify the Landlord without delay of any “relevant defect” in the state of the Demised Premises within the meaning of Section 4 of the Defective Premises Act 1972 or any statutory modification or re-enactment thereof for the time being in force to display and maintain all notices and to erect and maintain effective barriers if necessary which may from time to time be required to be displayed or erected on the Demised Premises under the said Act AND to indemnify the Landlord against all liability and costAND,Repairs,ALeaseBert,landlord_repairs
700,arising in respect of any notice claim or demands costs and proceedings thereunder,Repairs,ALeaseBert,landlord_repairs
701,The designated usage of the Premises is for warehousing.,Tenant Responsibilities,ALeaseBert,designated_use
702,Party B undertakes to Party A that the Premises shall be used only for the purpose of warehouse and it shall comply with the national and municipal laws and regulations in relation to the usage of houses and property management,Tenant Responsibilities,ALeaseBert,designated_use
703,Party A may solely terminate this Contract.,Termination,ALeaseBert,break_option
704,"The calculation, method of apportionment, method and time of payment of the above fees born by Party B shall be: the water and electricity fees are to be paid within 5 working days after the receipt of the invoice or receipt issued by Party A. If the total amount of monthly electricity fees is over RMB50,000, Party A may require a pre-payment or payment for 3 times every month. Party B shall apply to the telecommunication office for telecommunication at its own expense, and the fees shall be paid to the telecommunication office directly by Party B.",Maintenance,ALeaseBert,services_charges
705,"Party A shall provide standard 200 KVA power transformer capacity, and shall monthly collect the payment by Party B for the capacity, and electricity fees charged by the power station. Payment shall be delivered by party B within 10 working days after the receipt of the invoice or receipt issued by Party A.",Maintenance,ALeaseBert,services_charges
706,"Party B may sublet part or the whole of the Premises to another party during the tenancy with prior written consent of Party A, except for the parts of the Premises that Party A has explicit agreed to be sublet by Party B as provided in the supplement provisions hereto.",Tenant Responsibilities,ALeaseBert,sublease_permitted
707,"Both parties agree that if any of the following events occurs, either party may inform the other party with a written notice to terminate this Contract. The defaulting party shall pay the other party a penalty as liquidated damages equal to twice of the monthly rent. If the said liquidate damages are insufficient to make up for the losses suffered by the other party, the defaulting party shall further compensate for the balance thereof:",Termination,ALeaseBert,break_option
708,(1) Party A fails to hand over the Premises punctually and fails to remedy the same within 15 days from the date of Party B’s written notice.,Termination,ALeaseBert,break_option
709,"(2) The Premises handed over by Party A fail to comply with the conditions as herein contained, and such failure frustrates the purpose of the lease; or the Premises are defective and endanger the safety of Party B.",Termination,ALeaseBert,break_option
710,"(5) Party B sublets the Premises, transfers the leasing right of the Premises or exchanges with a third party their respective leased premises without consent of Party A.",Termination,ALeaseBert,break_option
711,Party A shall be responsible to compensate Party B for any direct losses from the property damage or personal injury of Party B directly caused by Party A’s failure to perform its obligations as contained herein in relation to the repair and maintenance of the Premises during the tenancy.,Repairs,ALeaseBert,damage
712,"Party A shall ensure that Party B may have independent use os telephone, water meter, power meter and other facilities, and suppliers of water, power, telecom and others within the Premises shall charge Party B directly.",Maintenance,ALeaseBert,services_charges
713,The scope and responsibilities of property management shall include: i) grass keeping around the building and among the public paths in a regular basis according to the standards of industrial warehouses. (ii) cleaning the public paths around the buildings. (iii) inspection and security guard around the building and providing 24-hours gatekeeper service.,Maintenance,ALeaseBert,services_charges
714,"The charge of property management shall be: RMB0.03 per square meters per day, i.e. monthly management fee shall be RMB4,640. Payment shall be delivered on a monthly basis by Party B on the 5th of each month, within 10 working days after the receipt of the invoice or receipt issued by Party A.",Maintenance,ALeaseBert,services_charges
715,"The Property is used as the warehouse and office administration of the Lessee. If the Lessee intends to transfer the using purpose, it shall get the written permission of the Lessor, and the transfer charges shall be reported by the Lessee according to the relevant national regulations; the Lessee shall assume all the charges owing the change of the functions; besides, the Lessor will not compensate for the termination caused by any reasons.",Tenant Responsibilities,ALeaseBert,designated_use
716,"The Lessor has right to take back the workshop after the lease term expires, and the Lessee shall return The Property in time and move out of workshop in advance of two weeks; if the Lessee needs to extend the lease term, it shall propose within two months in advance of the expiry date, and the two parties shall resign the contract about the lease matters after approved by the Lessor. The Lessee has the priority to lease The Property under the same conditions.",Termination,ALeaseBert,reinstatement_clause
717,"The deposit for lease of the contract is 200,000 Yuan (Say Two Hundred Thousand Only).",Security Deposit,ALeaseBert,guarantee_transferable
718,"The Lessee shall pay the water & electricity fees according to the actual usage and unified charging standard of the Lessor. The unit price of water is 3.8 Yuan/Cubic Meter, and the unit price of electricity is 1.05 Yuan/Degree.",Maintenance,ALeaseBert,services_charges
719,of free parking pass in total shall be given to “Lessee” by applying the rate of one car per 165 square meter.,Maintenance,ALeaseBert,services_charges
720,"The maintenance fees cover electric charges, water charges, cleaning charges, and other expenses for the maintaining and using the Object.",Maintenance,ALeaseBert,services_charges
721,The collection way and amount of the maintenance fees shall be decided by “Lessor” or the maintenance agent.,Maintenance,ALeaseBert,services_charges
722,The “Lessee” shall pay the amount charged by “Lessor” to the bank account till the date of th designated by “Lessor”,Maintenance,ALeaseBert,services_charges
723,"“Lessor”, if necessary, may request “Lessee” enter into maintenance contract for maintenance fee payment directly with the third party designated by “Lessor” and “Lessee” shall accept the request hereof.",Maintenance,ALeaseBert,services_charges
724,"In the event that “Lessor” needs to have the maintenance fees changed due to the applicable law amendment, change of economic condition, the increase of public utility charges, and increases of other charges, “Lessor” shall notify “Lessee” in writing.",Maintenance,ALeaseBert,services_charges
725,"In subsection (5) in this Article, “Lessor” shall charge with the adjusted amount after 30 days lapsed from the date of notification.",Maintenance,ALeaseBert,services_charges
726,"he “Lessee” shall share and pay the cost and expenses incurred in relation to maintenance of the common facilities, in accordance with the relevant provisions of the agreement with the administration agency (“Administration Agency”) of the Building, commencing on the date when the “Lessee” begins to occupy the Object.",Maintenance,ALeaseBert,services_charges
727,"In the event that the “Lessee” fails to pay the aforementioned cost and expenses on or before the due date designated in the agreement with the Administration Agency, then the “Lessee” shall be obliged to pay such late payment fees as set forth in the said agreement with the Administration Agency.",Maintenance,ALeaseBert,services_charges
728,"Without the Lessor’s consent, the “Lessee” shall not:",Tenant Responsibilities,ALeaseBert,sublease_permitted
729,2. Sublet the Object in whole or in part or dispose of its rights to use the Object to a third party,Tenant Responsibilities,ALeaseBert,sublease_permitted
730,"The “Lessor” may terminate this Agreement, in the event of any of the following:",Termination,ALeaseBert,break_option
731,"1.The “Lessee” ceases to be eligible for occupancy in the Building, pursuant to applicable law, relevant ordinances of Gyeonggi Province or Seongnam City, or Operating Guidelines of KINS Tower Global R&D Center;",Termination,ALeaseBert,break_option
732,2.The “Lessee” fails to enter into its business within three months after the date of commencement of lease hereunder;,Termination,ALeaseBert,break_option
733,3.The “Lessee” has continued to suspend business for six (6) months or more without justification;,Termination,ALeaseBert,break_option
734,"4.The “Lessee” fails to pay rentals for three (3) months or more, excluding legal disputes concerning rentals;",Termination,ALeaseBert,break_option
735,5.Any of the documents submitted by the “Lessee” is found to be untrue; or,Termination,ALeaseBert,break_option
736,6.The “Lessee” is in breach of any of the provisions of Article 11 hereof.,Termination,ALeaseBert,break_option
737,"Prior to termination hereof pursuant to subsection (1) in this Article, the “Lessor” shall allow the “Lessee” to explain such events or circumstances and rectify the breach within a time period not exceeding sixty (60) days.",Termination,ALeaseBert,break_option
738,"In case this Agreement is terminated pursuant to subsection (1) in this Article, the",Termination,ALeaseBert,break_option
739,"Lessor” shall deduct the rentals in arrears, expenses for restoring the Object to its original condition, penalties, etc., from the leasehold deposit provided under Article 5 hereof and the rentals paid by the “Lessee” and then refund the balance thereof to the “Lessee”, if any. The “Lessor” shall be further entitled to take necessary actions to seize any of the property owned by “Lessee” if the aforementioned leasehold deposit and rentals are insufficient to cover such deductions.",Termination,ALeaseBert,break_option
740,The “Lessee” may request the “Lessor” to terminate this Agreement; but such a request shall be made in writing and should be given three (3) months’ prior to the termination date suggested by the “Lessee”.,Termination,ALeaseBert,break_option
741,"In subsection (1) in this Article, in the event that the “Lessor” recognizes the fairness of termination by the “Lessee”, the “Lessor” shall deduct the rentals in arrears, expenses for restoring the Object to its original condition, etc., from the leasehold deposit provided under Article 5 hereof and the rentals paid by the “Lessee” and then refund the balance thereof to the “Lessee”, if any.",Termination,ALeaseBert,break_option
742,The “Lessee” shall indemnify the “Lessor” for damages separately from penalty of the subsection (1) in this Article.,Repairs,ALeaseBert,damage
743,Office,Tenant Responsibilities,ALeaseBert,designated_use
744,"In case that “B” consumes utility beyond the allowed quantity or time, extra charge may be collected. Particularly, the rental fee for special facilities installed to the need of “B” shall be collected separately irrespective of management expenses.",Maintenance,ALeaseBert,services_charges
745,“B” shall not transfer or provide as mortgage the right of lease nor sublet the object matter of lease to the 3rd party.,Tenant Responsibilities,ALeaseBert,sublease_permitted
746,"For every 50 pyung leased, “B” is entitled to park one vehicle at the parking lot of the building free of charge. For additional parking, extra management expenses specified by “A” shall be imposed.",Maintenance,ALeaseBert,services_charges
747,"Communication facilities such as telephone, fax, etc. can be connected at the charge of “B” provided “A” consents in writing and the concerned authorities duly permit.",Maintenance,ALeaseBert,services_charges
748,"Once the communication facilities are connected as above, “B” shall notify “A” the fact. Management and maintenance of the facilities shall be in the account of “B,” who shall be totally responsible for the whole relevant matters.",Maintenance,ALeaseBert,services_charges
749,"“A” does not assume any civil or criminal responsibility for all damages caused by fire, theft, natural disaster or other accidents of force majeure.",Repairs,ALeaseBert,damage
750,"For accidents occurred in the object matter of the lease such as fire, theft, etc., “B” shall bear internal and external responsibility irrespective of the existence of his intention for such accidents. However, in case it is definitely proved that they are attributable to “A,” “B” will be exempted.",Repairs,ALeaseBert,damage
751,“B” shall not commit any of the following behaviors in the premise of the building.,Tenant Responsibilities,ALeaseBert,designated_use
752,A.Utilizing the building in the way that makes public discomfort; installation of signboard and advertising materials at the aisle or other common facilities without the prior approval of “A.”,Tenant Responsibilities,ALeaseBert,designated_use
753,"B.Moving in or keeping explosives, hazardous substance or any other matters which are harmful to human body, cause discomfort or destroy property.",Tenant Responsibilities,ALeaseBert,designated_use
754,"C.Using oil, gas or electric heater besides those provided by “A.”",Tenant Responsibilities,ALeaseBert,designated_use
755,"D.Moving in or using air-conditioner/heater, vending machine or cooking tools without the written consent of “A.”",Tenant Responsibilities,ALeaseBert,designated_use
756,E.Moving food into the building or smoking at unauthorized place.,Tenant Responsibilities,ALeaseBert,designated_use
757,F.Breeding animals in the building.,Tenant Responsibilities,ALeaseBert,designated_use
758,"G.Destroying or damaging fixtures, instruments or facilities installed by “A” or modifying fixtures without the consent of “A.”",Tenant Responsibilities,ALeaseBert,designated_use
759,H.Any illegal manufacture or sales activity or any entertainment offending public morals or causing discomfort to public.,Tenant Responsibilities,ALeaseBert,designated_use
760,I.Other supplementary regulations or any other prohibitions that “A” establishes and notifies in writing in accordance with necessity.,Tenant Responsibilities,ALeaseBert,designated_use
761,"n case that any part in need of repair is found by “B’” as described in above clause, “B” shall immediately notify it to “A”. Even though repair is to be done by “B,” “B” shall discuss with “A” in advance.",Repairs,ALeaseBert,landlord_repairs
762,“B” is not entitled to ask the reimbursement of all expense paid by him in accordance with clause 1.,Repairs,ALeaseBert,landlord_repairs
763,"If “B,” his employees, customers or concerned party damage or destroy object matter for the lease or facilities in the building or cause damage in physical body or property to “A” or the 3rd party (e.g., other lessee) intentionally or inadvertently, “B” shall notify “A” the fact without delay and immediately indemnify for all loss to “A” or the 3rd party, assuming all internal and external responsibility.",Repairs,ALeaseBert,damage
764,"All damage not notified to “A” shall be regarded as the result of behavior of “B” and “A” is entitled to take necessary measure such as claiming indemnification for the loss, etc.",Repairs,ALeaseBert,damage
765,"For the above clause, the assessment of indemnifying amount shall be based on the market price at the time of indemnification.",Repairs,ALeaseBert,damage
766,"“A” is not responsible for all damages occurred to “B” or the 3rd party provided that they are due to storm and flood, earthquake, war, riot, other force majeure legally accepted or any other causes which are not attributable to “A.”",Repairs,ALeaseBert,damage
767,The above cause does not affect the right of “A” that is already in force by this contract.,Repairs,ALeaseBert,damage
768,"Party A shall have right to withdraw all leased areas upon expiration of the term, Party B shall return pursuant to the term.",Termination,ALeaseBert,reinstatement_clause
769,"Party A shall be obliged to conduct daily test, inspection and repair with respect to the security facilities of the property, such as regularly check and change of fire distinguishers in the public areas, regularly check of fire hydrants and interior spray system, regularly check of fire alarm system and status of other facilities to ensure fire evacuation passageway is unblocked. The frequency of the aforementioned check and its record shall in compliance with the national laws and regulations. Party A shall notify Party B in a timely manner in case of emergency circumstances (such as fire).",Repairs,ALeaseBert,landlord_repairs
770,"Permitted Use: Office and laboratory use in conformity with all federal, state, municipal and local laws, codes, ordinances, rules and regulations of Governmental Authorities (as defined below), committees, associations, or other regulatory committees, agencies or governing bodies having jurisdiction over the Premises, the Building, the Property, the Project, Landlord or Tenant, including both statutory and common law and hazardous waste rules and regulations (“Applicable Laws”)",Tenant Responsibilities,ALeaseBert,designated_use
771,"In addition to Base Rent, Tenant shall pay to Landlord as additional rent (“Additional Rent”) at times hereinafter specified in this Lease (a) Tenant’s Share (as defined below) of Operating Expenses (as defined below), (b) the Property Management Fee (as defined below) and (c) any other amounts that Tenant assumes or agrees to pay under the provisions of this Lease that are owed to Landlord, including any and all other sums that may become due by reason of any default of Tenant or failure on Tenant’s part to comply with the agreements, terms, covenants and conditions of this Lease to be performed by Tenant, after notice and the lapse of any applicable cure periods.",Maintenance,ALeaseBert,services_charges
772,"Lessee shall not transfer or mortgage the deposit, nor use the deposit to offset the payable rent or other amount, unless otherwise agreed by Lessor in written form.",Security Deposit,ALeaseBert,guarantee_transferable
773,"The rent shall exclude property management fee, promotion and publicity fee, parking fee, telephone bill, electricity bill, water bill, gas bill, heating bill, cleaning fee in this unit and other payments. The rent shall exclude any taxation and other payment and expenditure paid by Lessee for related governmental departments.",Maintenance,ALeaseBert,services_charges
774,"Lessee shall not sublease this unit or allow other people to use any part of this unit (regardless of any charge of fees) without clear advance written consent from Lessor. As to this term, sublease refers to Lessee’s leasing of part or all of the unit it leases to the third party (hereinafter referred to as sublessee) within the validity of the Contract. Lessor shall decide whether to agree the sublease to the sublessee at its own discretion and shall have right to state the conditions that any Sublessee must abide by. Lessor doesn’t have to give Lessee any reason. Lessee shall not have right to present any objection.",Tenant Responsibilities,ALeaseBert,sublease_permitted
775,If sublease is agreed by Lessor in written form:,Tenant Responsibilities,ALeaseBert,sublease_permitted
776,(1) The Contract shall be valid. The sublessee shall continue to perform this Contract during the sublease duration;,Tenant Responsibilities,ALeaseBert,sublease_permitted
777,(2) The expiration date of sublease duration of this unit agreed under the sublease contract shall not be later than the expiration date of lease duration agreed under the Contract;,Tenant Responsibilities,ALeaseBert,sublease_permitted
778,(3) Lessee shall not allow sublessee to sublease the unit to other party;,Tenant Responsibilities,ALeaseBert,sublease_permitted
779,(4) Lessee shall make compensation for any loss induced in or related to this unit by the sublessee; and,Tenant Responsibilities,ALeaseBert,sublease_permitted
780,"(5) If the Contract is terminated in advance within the sublease duration of this unit, Lessee shall guarantee the sublease contract is terminated as well, and ensure to return this unit to Lessor on the termination date of the Contract.",Tenant Responsibilities,ALeaseBert,sublease_permitted
781,"Lessor can enter this unit for maintenance and repair with appropriate advance notice given to Lessee and consent from Lessee (Lessee shall not reject this for no reason). In case of emergencies, Lessor can enter this unit without advance notice given to Lessee and take necessary measures. However, Lessor shall notify Lessee as soon as possible and give explanations to Lessee later. Lessor shall not hold responsible for any loss induced thereby.",Repairs,ALeaseBert,landlord_repairs
782,(1) Lessee fails to pay the deposit as agreed under the contract with thirty days overdue;,Termination,ALeaseBert,break_option
783,(2) Lessee fails to sign Agreement on Property Management Services of Beijing World Financial Center between Lessee and the property company as agreed under the Contract with thirty days overdue or Lessee fails to pay the property company the property management fee and other fees as agreed and fails to pay off within ten days after receiving the notice from the property company;,Termination,ALeaseBert,break_option
784,(3) Lessee fails to pay the rent as agreed under the contract with ten days overdue;,Termination,ALeaseBert,break_option
785,(4) Lessee doesn’t use the unit for the purposes agreed under the Contract and fails to correct within ten days after receiving the notice from the property company;,Termination,ALeaseBert,break_option
786,"(5) Lessee subleases the unit to other people or allows other people to possess, occupy or use the unit or any part of the unit without advance written consent from Lessor and fails to correct immediately upon receiving notice from Lessor;",Termination,ALeaseBert,break_option
787,"(6) Lessee conducts operating activities without business licenses and other permits, or Lessee uses or allows other people to use this unit to conduct activities breaking Chinese laws and regulations or damaging public rights and interests or other people’s legal rights and interests and causes loss to Lessor or fails to correct immediately upon receiving notice from Lessor;",Termination,ALeaseBert,break_option
788,(7) There are more than three times of failure of Lessee to pay the rent as agreed under the Contract.,Termination,ALeaseBert,break_option
789,"(8) Lessee doesn’t sign and accept the bills, notices and other files issued by Lessor or the property company to Lessee and fails to correct within seven days after receiving the written notice from Lessor;",Termination,ALeaseBert,break_option
790,"(9) Lessee doesn’t perform any obligation under the Contract and its appendixes and fails to correct within seven days after receiving the written notice from Lessor, unless otherwise stated in this article.",Termination,ALeaseBert,break_option
791,"If the Contract has registered for filing, Lessee shall go to related housing management departments to cancel registration of the Contract with the representative of Lessor and cooperate with Lessor positively on other related matters within five days since the expiration or advance termination (regardless of the reason) of the Contract. If Lessee doesn’t contact the representative of Lessor to handle related formalities, Lessor shall have right to cancel the registration of the Contract unilaterally by showing the written notice of contract termination to related housing management departments; Lessee shall not present any objection.",Termination,ALeaseBert,break_option
792,"When the lease duration expires or the Contract is terminated in advance, Lessee shall return this unit emptied and at the original state in delivery and all keys to Lessor (or the property company) and conduct acceptance together with Lessor (or the property company) on the lease duration date or advance termination date of the Contract or within the period specified by Lessor (if any). Lessor shall make compesenation for damage (excluding natural wear). Lessee shall bear all expenses incurred from direct or indirect damage to other places beyond this unit or the third party in the process of returning this unit and other sites, facilities and equipment dedicated for Lessee to the original state in delivery.",Termination,ALeaseBert,reinstatement_clause
793,"Both parties agree that any decoration, furniture device, material, equipment or any other article of Lessee left in this unit ten days after termination date of the Contract shall be deemed as waste of Lessee and disposed. Lessee agrees to waive all rights for such articles permanently.",Termination,ALeaseBert,reinstatement_clause
794,"If Lessee asks for all or part of this unit being the industrial and commercial register address of Lessee or the third party, Lessee shall be responsible for change the industrial and commercial register address into the address of other place within ten working days since the termination date of the Contract. Otherwise, Lessee shall pay Lessor compensation of 100 yuan per sq.m per day according to the area of this unit stated under the Contract. If the loss of Lessor suffered thereby exceeds the compensation amount, Lessee shall make compensation for Lessor according to the actual amount.",Termination,ALeaseBert,reinstatement_clause
795,"“THE LEASEHOLDER” is bound to keep the leased properties in the current condition of care said properties are now, therefore both properties will be returned to “THE OWNER” in the same condition excepting the normal ware and tier caused by the regular use of the same; otherwise, “THE LEASEHOLDER” shall pay for any repairs needed.",Termination,ALeaseBert,reinstatement_clause
796,“THE LEASEHOLDER” will use the properties leased hereunder solely for the mining operations allowed by the company purpose.,Tenant Responsibilities,ALeaseBert,designated_use
797,“THE LEASEHOLDER” agrees in that it will be responsible for any damages caused to the leased properties; said damages will be fixed by “THE LEASEHOLDER”.,Repairs,ALeaseBert,damage
798,This contract may be terminated by:,Termination,ALeaseBert,break_option
799,"1 st.- The completion of the term agreed in this contract, when no request to extend the same is presented.",Termination,ALeaseBert,break_option
800,2 nd.- By expressed early cancellation agreement reached between “THE PARTIES”.,Termination,ALeaseBert,break_option
801,3 rd.- For the breach of contract by any of “THE PARTIES” of any of the clauses contained by the same.,Termination,ALeaseBert,break_option
802,4 th.- Due to the total loss or destruction of the leased properties.,Termination,ALeaseBert,break_option
803,"In addition to the rental fee for the first six months collected as of the signing of the contract herein, Party A shall also collect a security deposit for the lease in the amount of RMB 30,000.00 as a security for any decorations, supporting facilities, appliances and related costs to be assumed by Party B for the property herein. Upon the completion of the term of lease, Party A shall return the entire security deposit to Party B provided that Party B has not caused any damage to Party A’s property and does not owe any related costs; otherwise, Party A has the right to return the amount remaining after deducting such costs as appropriate.",Security Deposit,ALeaseBert,guarantee_transferable
804,"(2) Party A shall collect the expenses for the water and electricity bills on Party B’s behalf in accordance with state requirements and shall furnish Party B with copies of official invoices printed by the water company / energy supply bureau. Upon [receipt of] Party B’s payment, Party A shall provide receipts.",Maintenance,ALeaseBert,services_charges
805,"(2) Return: Upon completion of the term of lease or dissolution of the contract herein, Party B shall return the property and its supporting facilities in a timely manner. Upon acknowledgement of the inspection acceptance, Party A and Party B shall sign and seal the “Inventory of Supporting Facilities on the Property.” Party A and Party B shall pay off their respective payable expenses. Party B may take back any new additions which it had acquired. However, the particular methods for the handling of those portions which were decorated or renovated by Party B are as follows: if the term of lease has expired, then Party B shall make the decision as to whether to restore the property to its original state or to relinquish [its right] to take back [such decorations or renovations]; if Party A has dissolved the contract herein before [it expires], then [such decorations or renovations] shall belong to Party A but Party A shall provide compensation at a discounted rate. Once the property herein is returned, Party A is entitled to dispose of any articles left on the premises for which Party B has not obtained Party A’s consent.",Termination,ALeaseBert,reinstatement_clause
806,"(2) When using the property, Party B shall immediately notify Party A to make repairs in the event of damage to or breakdown of the property herein or its supporting facilities which impairs the safe use thereof, and Party A shall carry out maintenance within 4 weeks upon receiving such notification. Should party A refuse to carry out such maintenance, Party B may make repairs of its own accord, the cost of which shall be used to offset the rental fee.",Repairs,ALeaseBert,landlord_repairs
807,"Party B shall be held responsible for any repairs and compensation for any damage to or breakdown of the property herein or its supporting facilities, or any losses caused to any third parties, which result from inappropriate storage or unreasonable usage on the part of Party B.",Repairs,ALeaseBert,damage
808,"(1) Unless otherwise agreed upon by the two parties hereto, Party B may not sublease the property herein to any other party during the term of lease, either partially or in its entirety, without obtaining prior written consent from Party A.",Tenant Responsibilities,ALeaseBert,sublease_permitted
809,"(2) When subleasing the property, Party B shall enter into a written sublease contract with the sublessee as stipulated, and shall complete all registration procedures for the property lease contract with the executive management authorities of the property to be leased.",Tenant Responsibilities,ALeaseBert,sublease_permitted
810,(3) Party B shall assume compensation and liabilities to Party A for any damage caused by the sublessee to the property herein and its supporting facilities.,Tenant Responsibilities,ALeaseBert,sublease_permitted
811,(1) The contract herein may be dissolved upon consultation and consent between Party A and Party B.,Termination,ALeaseBert,break_option
812,"(2) In the event that any of the following Exemption Clauses are applicable, the contract herein shall be terminated and party A and Party B shall not be held liable for a breach of contract:",Termination,ALeaseBert,break_option
813,i). The property herein is located within the scope of property slated for demolition due to the construction needs of the city in accordance with the law.,Termination,ALeaseBert,break_option
814,"ii). The property is destroyed or lost due to earthquake, fire or other incidents of Force majeure.",Termination,ALeaseBert,break_option
815,(3) Party B has the right to unilaterally dissolve the contract herein in the event that any one of the following is applicable to Party A:,Termination,ALeaseBert,break_option
816,(4) Party A has the right to unilaterally dissolve the contract herein and repossess the property in the event that any one of the following is applicable to Party B:,Termination,ALeaseBert,break_option
817,To pay all charges (including meter rents and standing charges) for supplies of gas water electricity and telephone consumed upon the Demised Premises and of communication services (if any) provided to and used by the Demised Premises,Maintenance,ALeaseBert,services_charges
818,The Lessee shall not underlet or share the whole or any part of the Demised Premises,Tenant Responsibilities,ALeaseBert,sublease_permitted
819,Not to use the Demised Premises except for the purposes of Class B (1) of the Town and Country Planning (Use Classes) Order 1987 as amended,Tenant Responsibilities,ALeaseBert,designated_use
820,The Lessee shall remove all its fittings goods and other possessions at the end of the Term and the Lessor may dispose of any such items left at the Demised Premises more than two weeks after the end of the Term as the Lessor sees fit.,Termination,ALeaseBert,reinstatement_clause
821,"Both parties agree that Party B shall pay Party A the Deposit equal to the rent of 2 months in an amount of RMB499,028 within 7 days upon the execution of this Contract. On receipt of the Deposit, Party A shall issue a receipt to Party B.",Security Deposit,ALeaseBert,guarantee_transferable
822,"By termination of the tenancy, Party A shall offset from the Deposit the fees bearable by Party B hereunder and return the remains to Party B without interest.",Security Deposit,ALeaseBert,guarantee_transferable
823,"During the tenancy, Party B shall bear the costs of water, electricity, gas, air-condition, telecom, equipments, property management and land tax relating to the use of the Premises. If the relevant expense is paid by Party A, Party A will charge Party B with the proof of invoice. Party B shall pay an amount of RMB3418 as land tax each month.",Maintenance,ALeaseBert,services_charges
824,"During the tenancy, in the event that Party B discovers any damage or breakdown of the Premises and accessory facilities, it shall notify Party A promptly for reparation. Party A shall repair them within 3 days from the date of receipt of the notice. If Party A fails to repair in time, Party B may repair them at the cost of Party A.",Repairs,ALeaseBert,landlord_repairs
825,"By the expiration of the tenancy or by the termination of this contract, Party B shall return the Premises to Party A within 10 days of the expiration or termination. If Party B fails to return the Premises punctually without the consent of Party A, it shall pay the rent to Party A during the period of occupation of the Premises. If the delay is over 15 days, Party A may re-enter into the Premises, and Party B is considered to give up the ownership of all the items in the Premises, which Party A may dispose freely.",Termination,ALeaseBert,reinstatement_clause
826,"Party B may sublet part or the whole of the Premises to another party during the tenancy with the written consent of Party A. If Party B sublet the Premises without consent, Party A may inform Party B to terminate this Contract and require Party B to return its benefit from the sublet to Party A.",Tenant Responsibilities,ALeaseBert,sublease_permitted
827,(6) Party B fails to pay the rent for 1 month or fails to pay the rent fully for two months.,Termination,ALeaseBert,break_option
828,"The Leased Premises are to be used and occupied by Lessee solely for the purpose of office, light assembly and storage associated with business of Lessee or for any other lawful purpose. B. To the extent such matters are within Lessee's reasonable control, Lessee agrees not to commit or suffer to be committed on the Leased Premises any nuisance or other act or thing against public policy or which violates any law or governmental regulation.",Tenant Responsibilities,ALeaseBert,designated_use
829,Lessee will not use or occupy these Leased Premises for any unlawful or hazardous purpose; or maintain or permit the maintenance of any public or private nuisance.,Tenant Responsibilities,ALeaseBert,designated_use
830,"Lessee shall be responsible for all maintenance, repairs and replacements necessary to the Building and Leased Premises including, but not limited to, the roof, foundation and exterior walls and Building structure and HVAC system(s).",Repairs,ALeaseBert,landlord_repairs
831,"Lessee will not damage the Leased Premises or the Building and will maintain the Leased Premises in as 4 clean, attractive condition and in good repair as exists on the commencement date of this Lease (reasonable wear and tear, and, subject to the provisions of Section 7 hereinbelow, casualty and Acts of God, excepted). Lessee shall be responsible for all janitorial service to the extent it desires same.",Repairs,ALeaseBert,damage
832,"Upon termination of the Lease, Lessee will surrender and deliver the Leased Premises in good order and repair, excepting ordinary wear and tear, casualty and Acts of God, free and clear of all debris, materials and equipment.",Termination,ALeaseBert,reinstatement_clause
833,"If Lessee fails to make a repair within thirty (30) days after receipt of written notice of such failure from Lessor, Lessor may (but shall not be required to) repair the same and be reimbursed by Lessee for the reasonable costs so incurred by Lessor.",Repairs,ALeaseBert,landlord_repairs
834,Lessee will promptly give Lessor written notice of any damage in the Leased Premises.,Repairs,ALeaseBert,damage
835,"Lessee shall be responsible for the cost and payment of all ---------- utilities provided to the Leased Premises including, but no limited to, electric, gas, water, heating, lighting and air conditioning.",Maintenance,ALeaseBert,services_charges
836,"Lessee covenants that Lessor shall not be ----------------------------- liable to Lessee or to Lessee's agents, employees, customers or invitees for any injury to person or damage to property, including consequential loss or damage, arising out of the use, occupancy or enjoyment of the Leased Premises by Lessee or any person therein or holding under Lessee. Lessee hereby agrees, as part of the material consideration for this Lease, to indemnify and save Lessor harmless from all claims, actions, demands, costs and expenses and liability whatsoever, including reasonable attorney's fees, on account of any such injury, loss, damage or liability, and from all liens, claims and demands occurring in, on or at any portion of the Leased Premises or arising out of the use, occupancy, or enjoyment of any portion of the Leased Premises or its facilities by Lessee or anyone holding under Lessee, or any repairs or alterations which Lessee may make upon the Leased Premises.",Repairs,ALeaseBert,damage
837,"Lessee covenants and agrees not to permit the Leased Premises to be used for any purpose other than that stated in the Use clause hereof, or make or allow to be made any alternations or physical additions in or to the Leased Premises which are in each instance in excess of Ten Thousand and No/100 Dollars ($10,000.00) or make any material alterations to the structural, mechanical or electrical components serving the Leased Premises without first obtaining the written consent of Lessor, which written consent shall not be unreasonably withheld or delayed.",Tenant Responsibilities,ALeaseBert,designated_use
838,"Lessee shall not assign this Lease or sublease the Leased Premises or any part thereof or lease, pledge, or hypothecate its leasehold interest or grant any concession or license within the Leased Premises or sublease any operating department therein without the prior express written consent of Lessor, which consent shall not be unreasonably withheld or delayed, and any attempt to do any of the foregoing without the prior express written permission of Lessor shall be void and of no effect. No space shall be listed or offered to any broker for listing or advertisement, nor shall Lessee advertise for subletting, without written notice to Lessor. Lessee 8 must provide Lessor with a copy of the proposed assignment or sublease and such other reasonable information, including credit history, as Lessor might reasonably request concerning the proposed sublessee or assignee to allow Lessor to make an informed judgment as to the financial condition (taking into account the provisions of Section 11 B. below), reputation, operations and general desirability of the proposed sublessee or assignee.",Tenant Responsibilities,ALeaseBert,sublease_permitted
839,"If this Lease is assigned or if the Leased Premises are subleased (whether in whole or in part) or in the event of the mortgage, pledge or hypothecation of the leasehold interest or grant of any concession or license within the Leased Premises or if the Leased Premises be occupied in whole or in part by anyone other than Lessee, Lessor may nevertheless collect rent from the assignee, sublessee, mortgagee, pledge, party to whom the leasehold interest was hypothecated, concessionee or licensee or the occupant and apply the next amount collected to the rent payable hereunder, but no such transaction or collection of rent or application thereof by Lessor shall be deemed a waiver of these provisions or a release of Lessee from the further performance by Lessee of its covenants, duties and other obligations.",Tenant Responsibilities,ALeaseBert,sublease_permitted
840,"Notwithstanding anything in this Section 11 or any other provision in this Lease to the contrary, Lessee shall have the right, without Lessor's consent, to assign this Lease or sublet all or any part of the Leased Premises to any parent, subsidiary or affiliate of Lessee (or either of them) or to any person, firm or corporation which shall be controlled by, under the control of, or under common control with, Lessee (or either of them), or to any corporation or entity into which Lessee (or either of them) may be merged or consolidated or which purchases all or substantially all of the assets of Lessee (or either of them) (collectively ""Permitted Transferee""), provided Lessee promptly notifies Lessor of such transfer, and no term, condition, covenant or provision of this Section 11 shall apply in any manner whatsoever to the assignment or subletting of all or any part of the Leased Premises to any Permitted Transferee. Provided further, however, that Lessee will remain liable for the performance of all the covenants, duties and obligations hereunder including, without limitation, the obligation to pay all rent and other sums herein provided to be paid.",Tenant Responsibilities,ALeaseBert,sublease_permitted
841,"Except to the extent caused by the gross negligence of Lessor or Lessor's agents or employees, Lessor shall not be liable or responsible to Lessee for any loss or damage to any property or persons occasioned by theft, fire, act of God, public enemy, injunction, riot, strike, insurrection, war, court order, requisition or order of government body or authority, or any other cause beyond the control of Lessor.",Repairs,ALeaseBert,damage
842,"Lessor may terminate this Lease and forthwith repossess the Leased Premises, find, expel, or remove Lessee or any other person who my be occupying the Leased Premises, by lawful force if necessary, without being liable for prosecution or any claim of damages therefor, the same being waived by Lessee, and Lessee agrees to pay to Lessor, on demand, and Lessor shall be entitled to recover forthwith, as liquated damages, a sum of money equal to the total of (i) the cost of recovering the Leased Premises (including reasonable attorneys' fees and court costs), (ii) the unpaid rent earned and other sums due Lessor at the time of termination, plus interest thereon at twelve percent (12%) per annum, (iii) the then present value of the balance of the rent for the remainder of the Lease Term (had such Lease not been terminated) less the then present value of the then fair rental value of the Leased Premises for such period and (iv) any other sum of money and damages owed by Lessee to Lessor, including the costs incurred by Lessor in removing and storing, Lessee's or other occupant's property, restoring the Leased Premises as required hereby, and broker's fees incurred by Lessor in connection with reletting the whole or any part of the Leased Premises.",Termination,ALeaseBert,break_option
843,"Lessor may terminate Lessee's right of possession (but not the Lease) and expel or remove Lessee or any other person who may be occupying the Leased Premises, by lawful force if necessary, without being liable for prosecution or any claim of damages therefor, the same being waived by Lessee, or may repossess the Leased Premises by forcible entry or detainer suit or otherwise, without demand or notice of any kind to Lessee, other than notice required by law without terminating this Lease, in which event Lessor my relet the same or any part thereof either in Lessor's name or otherwise, for a term or terms, which as Lessor's option, may be less than or exceed the balance of the Lease Term, and for such rent and upon such other terms as shall be satisfactory to Lessor, and receive the rent therefor and apply such rent to the rent and other sums due Lessor hereunder, including costs incurred by Lessor in reletting.",Termination,ALeaseBert,break_option
844,"After signing this Contract, Party B shall pay to Party A the deposit of 300,000 Yuan (THREE HUNDRED THOUSAND YUAN). The deposit will be returned to Party B when following conditions are met:",Security Deposit,ALeaseBert,guarantee_transferable
845,"Under one of following circumstances, Party A may not return the deposit:",Security Deposit,ALeaseBert,guarantee_transferable
846,"Party B shall not sublease the plant to others. However, during the lease period, after being approved by Party A in writing, Party B can apply to competent authority on house lease for registration, but the sublease period shall not exceed the lease period stipulated by this Contract. Where the subleased part has the circumstance of salary payment delay, Party B shall be held liable, and Party A is entitled to deal with the properties within the subleased part.",Tenant Responsibilities,ALeaseBert,sublease_permitted
847,"After this Contract is terminated, Party B shall vacate and return the plant within ten days, resume original status of the plant and its auxiliary facilities (except for normal wear), settle all expense and handle the delivery formalities.",Termination,ALeaseBert,reinstatement_clause
848,Use of the Leased RE: Commercial.,Tenant Responsibilities,ALeaseBert,designated_use
849,"If Party B desires to use the Lease RE for other purposes, Party B must obtain written consent from Party A in advance and apply to real estate property administration for changing the purpose of use of the property; Party B shall not use the Leased RE for any other purposes before such approval is obtained.",Tenant Responsibilities,ALeaseBert,designated_use
850,"At the time of handing over the Leased RE, Party A may demand a lease security in the amount equaling two-month's rent, i.e., RMB 543,640.00 (Five Hundred Forty-Three Thousand Six Hundred and Forty Yuan).",Security Deposit,ALeaseBert,guarantee_transferable
851,"During the term of the lease, Party A shall be responsible for paying the land use fee for the land associated with the Leased RE and the taxes, the Leased RE management fee and ________; Party B shall be responsible to pay the water bill, sanitation bill and housing (plaza) property management fee, maintenance fee and ________ in connection with the use of the Leased RE.",Maintenance,ALeaseBert,services_charges
852,"During the course of Party B's use of the Leased RE, if, through no fault of Party B, the Leased RE or its ancillary facilities experience damage or break-down that prevent their safe and normal use, Party B must promptly notify Party A and take effective measures that may be available to prevent the further spread of such defects; Party A must perform repairs within ___ days upon receiving Party B's notice or directly entrust Party B with the performance of such repairs; if Party B is unable to notify Party A or if Party A fails to perform such repairs within the time stipulated above, Party B may perform such repairs on Party A’s behalf.",Repairs,ALeaseBert,landlord_repairs
853,"If such repairs must be performed immediately in a special emergency situations, Party B must perform such repairs on Party A’s behalf and promptly notify Party A of the situation.",Repairs,ALeaseBert,landlord_repairs
854,"If Party B uses the Leased RE improperly or in a unreasonable manner, resulting in damage to or break-down of the Leased RE and its ancillary facilities that prevent their safe and normal use, Party B must be responsible for their repairs or for compensation and inform Party A promptly. If Party B refuses to perform such repairs or to provide compensation, Party A may, upon filing with contract registration administration for record, perform such repairs on Party B's behalf, with Party B being responsible for all the associated repair expenses.",Repairs,ALeaseBert,landlord_repairs
855,"Upon termination of this contract, Party B must vacate and return the Leased RE within _____ days, ensure that the Leased RE and its ancillary facilities are in sound condition (except normal wear and tear), settle all the fees and expenses for which it is responsible and process the handover procedures.",Termination,ALeaseBert,reinstatement_clause
856,"If Party B fails to vacate or return the Leased RE within the specified time, Party A shall have the right to recall the Leased RE pursuant to the provisions of the law and of this contract and charge Party B damages in the amount that doubles the rent for the period of time beyond the date of expiration.",Termination,ALeaseBert,reinstatement_clause
857,or the purpose of performing,Tenant Responsibilities,ALeaseBert,designated_use
858,Purpose of Lease: The Tenant may use the Premises for the purpose of research & development. The Tenant shall not alter said purpose without written consent of the Lessor.,Tenant Responsibilities,ALeaseBert,designated_use
859,"In the event of delay of a payment for not more than fifteen working days, the penalty payable for each day of the delay shall be equal to 1‰ of the overdue amount; and if a payment remains overdue for more than fifteen working days, the Lessor shall have the right to terminate the Contract and collect penalty from the Tenant in an amount equivalent to three months’ rent; and if the Lessor agrees in writing to continue performance of the Contract, the Tenant shall pay a late fee equal to 2‰ of the overdue amount for each day of the delay.",Termination,ALeaseBert,break_option
860,"Property management fee is RMB 24 /m2/month, or RMB 29,640.00 /month aggregately, which is payable along with rent.",Maintenance,ALeaseBert,services_charges
861,"Within the Lease Term, the Lessor shall have the right to raise property management fee as result of operating cost increase in order to maintain the quality of management of the Tower. An adjustment to property management fee shall take effect only if and after a one-month written notice is given to the Tenant.",Maintenance,ALeaseBert,services_charges
862,"The Tenant shall pay property management fee and parking space management fee to the property management company by cheque, which shall be made to the order of “Beijing Renbide Property Management Co., Ltd.”",Maintenance,ALeaseBert,services_charges
863,The Tenant shall pay property management fee to the property management company by remittance to the following account:,Maintenance,ALeaseBert,services_charges
864,"Account Name: Beijing Renbide Property Management Co., Ltd.",Maintenance,ALeaseBert,services_charges
865,RMB Account Number: 91340154740000210,Maintenance,ALeaseBert,services_charges
866,Bank Name: Pudong Development Bank Beijing Wangjing Branch,Maintenance,ALeaseBert,services_charges
867,"The Tenant shall separately pay for the water, electricity and communication consumed by it in the Premises during the decoration period, rent holiday and Lease Term based on the actual readings of relevant measuring meters and the unified charge rates publicized by the government.",Maintenance,ALeaseBert,services_charges
868,he Tenant shall pay fees charged by appropriate governmental authorities within the Lease Term that are not itemized in the Contract but are in connection with use of the Premises unless otherwise required to be paid by landlord by the government.,Maintenance,ALeaseBert,services_charges
869,"The Tenant shall punctually pay any and all fees and charges payable for supplies within the Premises according to the readings of the separate measuring meters and the list of fees payable presented by the Lessor, including deposit and water and electricity rates. In addition to the foregoing fees, other amounts payable by the Tenant, including each month’s parking space rent, telephone expense, Internet access fee, overtime air-conditioning expense, amounts payable for other fee-based services shall paid by Tenant provided in the Premises, etc., and the terms of payment thereof, shall be governed provisions of management rules.",Maintenance,ALeaseBert,services_charges
870,"Deposit is free of interest. If the Tenant breaches any clause herein, the Lessor shall have the right to urge it to perform the Contract. In the event that the Tenant still fails to perform the obligations set forth herein after being so urged by the Lessor’s written notice, the Lessor shall have the right to deduct all or a part of Deposit to",Repairs,ALeaseBert,damage
871,compensate its reasonable losses. Clause I of this article shall apply when the amount of deposit held by the Lessor falls below that set forth in Clause I of this article after the Lessor’s use of Deposit for offsetting amounts payable by the Tenant pursuant to the provisions of the Contract.,Repairs,ALeaseBert,damage
872,"The Tenant shall be responsible for compensating losses of the Premises, the installations or fittings therein or other property of the Lessor that have occurred during decoration and due to the Tenant’s reason.",Repairs,ALeaseBert,damage
873,"The Tenant shall not re-lease the Premises either in entirety or partly or otherwise deliver it for use by a third party or for sharing with others without permission. Subject to prior written consent of the Lessor, the Tenant may re-lease or deliver the Premises either in entirety or in part to its subordinated or affiliated company. Provided that the Tenant shall guarantee that the party sub-leasing or continuing to use the Premises shall comply with all terms and conditions of the Contract.",Tenant Responsibilities,ALeaseBert,sublease_permitted
874,"Unless with written consent of the Lessor, the Tenant shall at no time and by no means assign, transfer, re-lease, mortgage, license or share the right to occupy or use the entire Premises or a part thereof so as to enable a third person other than the parties hereto to occupy or possess the whole Premises or any part thereof.",Tenant Responsibilities,ALeaseBert,sublease_permitted
875,"The Lessor shall be responsible for cleaning the outer walls of the Tower (with exception to those for which any tenant or occupant of the Tower shall be responsible), maintaining environmental hygiene in public areas of the Tower, and maintain good condition of sanitary facilities.",Repairs,ALeaseBert,landlord_repairs
876,"The Lessor shall provide around-the-clock security service in public areas of the Tower, provided that the Lessor shall not be responsible for the Tenant’s property or personal losses as occurring inside the Premises (except due to the Lessor’s reason). The Tenant shall be independently responsible for security inside the Premises.",Repairs,ALeaseBert,landlord_repairs
877,The Lessor shall supply heating and cooling in corresponding seasons and for sufficient duration.,Repairs,ALeaseBert,landlord_repairs
878,The Lessor is responsible for handling general waste from the Tower and provides appropriate places and equipment for waste storage.,Repairs,ALeaseBert,landlord_repairs
879,The Lessor shall cover valid insurance for public areas and facilities of the Tower.,Maintenance,ALeaseBert,services_charges
880,"Unless otherwise caused by the misconduct or gross negligence of landlord, in the following situations, the Lessor need not compensate any loss of the Tenant or customers of the Tenant:",Repairs,ALeaseBert,damage
881,"1. Outage of the central air-conditioning system, elevators, fire and security systems or other equipment that is beyond the Lessor’s control or is unforeseeable by the Lessor.",Repairs,ALeaseBert,damage
882,"2. Interruption of central air-conditioning, power supply or other services as result of sudden cutoff of power supply that is beyond the Lessor’s control or is unforeseeable by the Lessor.",Repairs,ALeaseBert,damage
883,"3 Personal and property losses or damages caused by fire alarm, water leakage, smoke leakage or other accidents in the Tower that have resulted from negligent acts of other tenants or occupants.",Repairs,ALeaseBert,damage
884,"4. Losses caused by flood, earthquake and other acts of God or resulting from force majeure events, such as war, strike, governmental injunction, etc.",Repairs,ALeaseBert,damage
885,The Contract may be terminated earlier if so agreed by both parties. The parties shall further execute a termination agreement to specify their respective rights and obligations.,Termination,ALeaseBert,break_option
886,"On expiration of the lease or earlier termination of the Contract, the Tenant shall return the Premises to the Lessor on the date of the expiration or earlier termination or within the period specified by the Lessor, which shall have been restored to the original condition, and shall inspect the Premises and the attached installations therein in conjunction with the Lessor. The Tenant shall be responsible for compensation in the event of damages (except for normal wears and tears). The Lessor shall also have the right to take back the Premises as it is as of the date of expiration of the lease or earlier termination of the Contract without paying any compensation. In that case, the assets added and attached to the Premises as result of decoration and improvement of the Premises by the Tenant shall belong to the Lessor on an ex gratia basis.",Termination,ALeaseBert,break_option
887,"If an occurrence of force majeure stated in Article XV herein has prevented further performance of the Contract, either party may give a written notice to the other party pursuant to Clause II of Article XV, after which the Contract shall terminate.",Termination,ALeaseBert,break_option
888,The usage of The Premises: Working,Tenant Responsibilities,ALeaseBert,designated_use
889,"If Party B wants to change the usage of the real estate, Party B shall, with Party A’s written consent, apply for the usage change of real estate to the real estate’s administrative bureau pursuant to the relevant laws and regulations. Only with the authorization, the usage can be changed.",Tenant Responsibilities,ALeaseBert,designated_use
890,"While handing over The Premises, Party A has the right to ask for the lease deposit of less than three months’ rent that is 82,600 RMB.",Security Deposit,ALeaseBert,guarantee_transferable
891,"During the lease term, Party A shall be responsible for the land use fees of The Premises, its caused taxes, housing lease administrative fees as well as fees; Party B shall pay for electricity and water supply fees, sanitary fees, house (building) administrative fees, air conditioning fees and other fees that are caused by the usage of The Premises.",Maintenance,ALeaseBert,services_charges
892,"In case Party B’s inappropriate or unreasonable use impedes security of The Premises, or causes damages or troubles to The Premises, Party B shall make a timely notification to Party A and is responsible for the repairs or compensation. If Party B refuses for the repairs or compensation, it will be put on record by the contract registration bureau and Party A will repair for Party B who shall pay for the relevant repairing expenses.",Repairs,ALeaseBert,landlord_repairs
893,"However, within the lease term, Party B can, with the written consent of Party A, go through transfer registration procedures at the housing lease administrative bureau with the written proof of Party A’s consent. The term for transfer lease shall not exceed the lease term stipulated in this contract.",Tenant Responsibilities,ALeaseBert,sublease_permitted
894,"In case The Premises is assigned to third parties, Party A shall tell the assignee to continue to fulfill this contract while signing the assignment contract.",Tenant Responsibilities,ALeaseBert,sublease_permitted
895,"Upon the termination of this contract, Party B shall move from The Premises and give it back within five days. Additionally, Party B shall guarantee that The Premises and its subsidiary facilities are in a perfect state (normal wear and tear not included). At the same time, all the expenses that Party B is liable for shall be paid off and procedures for transfer shall be handled.",Termination,ALeaseBert,reinstatement_clause
896,"Tenant may use the Premises for the mining of cryptocurrency (the ""Permitted Use""). Tenant shall occupy and use the Premises only for the Permitted Use and shall comply with all federal, state, and local laws, ordinances, rules and regulations, all court orders, governmental directives, and governmental orders and all interpretations of the foregoing (collectively, """") and all restrictive covenants relating to the use, condition, access to, and occupancy of the Building and Premises, and shall not commit waste, overload the Building's structure (including exterior walls, roof, footings, foundations, structural portions of load-bearing walls, structural floors and subfloors, and structural columns and beams) or the Building's systems (including HVAC, life-safety, plumbing, electrical, and mechanical systems) or subject the Premises to any use that would damage the Premises. Tenant, at its sole cost and expense, shall obtain and keep in effect during the term, all permits, licenses, and other authorizations necessary to permit Tenant to use and occupy the Premises for the Permitted Use in accordance with applicable Laws. The Premises shall not be used for any purpose that creates strong, unusual, or offensive odors, fumes, dust or vapors. Tenant shall store all trash and garbage within the Premises or in trash dumpsters or similar containers approved by Landlord as to type, location and screening; and Tenant shall arrange for the regular pick-up of such trash and garbage at Tenant's expense. Tenant shall not operate an incinerator or burn trash or garbage on or within any portion of the Premises. Tenant shall not knowingly conduct or permit to be conducted in the Premises any activity, or place any equipment in or about the Premises or the Building, that will invalidate the insurance coverage in effect or increase the rate of fire insurance or other insurance on the Premises or the Building. If any invalidation of coverage or increase in the rate of fire insurance or other insurance occurs or is threatened by any insurance company due to activity conducted from the Premises, or any act or omission by Tenant, or its agents, employees, representatives, or contractors, Tenant shall be liable for such increase, which shall be considered Additional Rent payable with the next monthly installment of Base Rent due under this Lease. Tenant shall not allow temperature or humidity within the Premises to reach levels which would potentially cause an unsafe environment. In no event shall Tenant introduce or permit to be kept on the Premises or brought into the Building any dangerous, noxious, radioactive or explosive substance.Laws",Tenant Responsibilities,ALeaseBert,designated_use
897,"Upon execution of this Lease, Tenant shall pay to Landlord a deposit of $334,040 (the ""Deposit""), which is an amount equal to 6MW of available power (4MW at the rate of $55.95/kW and 2 MW at the rate of $55.12/kW for 2MW). If Tenant elects to expand its kW availability as provided in Section 4.3, the Deposit shall also be increased to match the monthly Base Rent paid with the increased available power provided by the Landlord to Tenant. The Deposit shall be held by Landlord to secure Tenant's performance of its obligations under this Lease. The Deposit is not an advance payment of Rent or a measure or limit of Landlord's damages upon an Event of Default (as defined in . Landlord may at Landlord's discretion, from time to time following an Event of Default and without prejudice to any other remedy, use all or a part of the Deposit to perform any obligation Tenant fails to perform hereunder or in connection with Landlord's remedies under this Lease. Following any such application of the Deposit, Tenant shall pay to Landlord on demand the amount so applied in order to restore the Deposit to its original amount. Within a reasonable period of time after the expiration or termination of this Lease, Landlord shall return to Tenant the portion of the Deposit remaining after deducting all damages, charges and other amounts permitted by law. Landlord and Tenant agree that such deductions shall include, without limitation, all damages and losses that Landlord has suffered or that Landlord reasonably estimates that it will suffer as a result of any breach of this Lease by Tenant. Unless required otherwise by applicable law, the Deposit may be commingled with other funds, and no interest shall be paid thereon. If Landlord transfers its interest in the Premises, Landlord may assign the Deposit to the transferee and, upon such transfer (and the delivery to Tenant of an acknowledgement of the transferee's responsibility for the Deposit if required by law), Landlord thereafter shall have no further liability for the return of the Deposit.Section 20.1)",Security Deposit,ALeaseBert,guarantee_transferable
898,"Tenant shall, at its own cost and expense, arrange and pay for all services and utilities (other than electrical usage, which is included in Base Rent) provided to the Premises during the TermTenant's Payment of Utility Expenses, including water, gas, sewer service, cable service and telephone service. Tenant shall cause to be installed a water meter if Tenant plans to utilize water for the cooling of the Premises and usage of such water shall be paid as Additional Rent.",Maintenance,ALeaseBert,services_charges
899,"Except as otherwise provided in Section 10.2 above, Landlord shall be responsible for maintaining the structural components of the Premises (including, but not necessarily limited to, the foundation, floor slab, exterior walls and roof of the Building) in good repair and appearance during the term of this Lease. Landlord, however, shall not be required to make any repairs occasioned by the act or negligence of Tenant, its agents, contractors, or employees (including, but not limited to, roof leaks resulting from Tenant's installation of equipment in the Building). All repairs by Landlord shall be comparable in quality to the condition of the Premises as of the commencement of the Term.",Repairs,ALeaseBert,landlord_repairs
900,"Tenant may notify Landlord, pursuant to Section 22, of any Landlord repair under this Section 11 which is necessary in Tenant's reasonable judgment. Such notice from Tenant shall include a description of the necessary repair. Upon receipt of notice, Landlord shall promptly commence and diligently pursue to completion such repair. Landlord and its contractors and repairmen: (a) shall use commercially reasonable efforts to minimize interference with Tenant's conduct of business at the Premises and (b) shall only enter the Premises at times mutually agreed upon by the parties to this Lease, except in the case where entrance is necessary in the event of an emergency. If Landlord has not commenced the repair requested by Tenant within twenty (20) days of written notice from Tenant of same, Tenant may, but is not obligated to, commence such repair in place of Landlord. Any actual, out-of-pocket costs which Tenant or any third-party engaged by Tenant reasonably incurs in making such repair shall be paid by Landlord within twenty (20) business days after demand (with documentation verifying the nature and cost of such repair) and if not so paid, the cost thereof may be set-off against installment(s) of Base Rent next coming due.",Repairs,ALeaseBert,landlord_repairs
901,"Tenant shall immediately notify Landlord of any material damage to or within the Premises or any part thereof. Within ten (10) business days after Tenant gives Landlord such notice, Landlord shall notify Tenant whether, in the reasonable judgment of Landlord, such damage or destruction can be repaired within four (4) months from the date of Landlord's receipt of notice from Tenant of such damage. Subject to the requirements of Landlord's Mortgagee (as that term is defined in Section 19) under any mortgage covering the Premises, and except as otherwise provided below, in the event of partial or total destruction of the Building or the Premises by fire or other casualty, and if in Landlord's reasonable estimation such damage can be materially restored within four (4) months from the date of Landlord's receipt of notice from Tenant of such damage, Landlord shall, as promptly as practicable repair, reconstruct or replace the portions of the Building or the Premises destroyed to as nearly as possible their condition prior to such destruction. During the period of repairs or restoration this Lease shall continue but there shall be an abatement of rent in proportion to the percentage of space or available power, whichever is greater, within the Premises rendered untenantable by such fire or other such casualty.",Repairs,ALeaseBert,damage
902,"If the Building is (i) so extensively destroyed by fire or other casualty that it is not, in Landlord's reasonable opinion, reasonably susceptible of repair, reconstruction or replacement within four (4) months from the date of Landlord's receipt of notice from Tenant of such destruction, or (ii) the destruction of the Building by fire or other casualty occurs during the last year of the Term, then either Landlord or Tenant may terminate this Lease by giving written notice to the other within ninety (90) days after the date of such destruction. In the event of termination, this Lease shall terminate as of, and rent shall be appropriately apportioned through and abated from and after, the first rental payment date occurring after the delivery of the notice of termination. In the event that neither Landlord nor Tenant exercises its option to terminate this Lease, then Landlord shall repair or restore such damage. During the period of repairs or restoration this Lease shall continue in full force and effect and there shall be an abatement of rent in proportion to the percentage of space or available power within the Premises rendered untenantable by such fire or other such casualty.",Repairs,ALeaseBert,damage
903,"Landlord shall not be required to repair or replace any damage or loss by or from fire or other cause to any partitions, additions, ceilings, floor coverings, trade fixtures or any other property or improvements installed on the Premises by, or belonging to, Tenant. Any insurance that may be carried by Landlord or Tenant against loss or damage to the Building or Premises shall be for the sole benefit of the party carrying such insurance and under its sole control.",Repairs,ALeaseBert,landlord_repairs
904,"Upon expiration of the Term or other termination of this Lease, Tenant shall leave and peaceably and quietly surrender and deliver to Landlord the Premises, the Fixtures, and all improvements, buildings and building fixtures thereon or constituting a part thereof and any replacements or renewals thereof in good condition, excepting reasonable wear and tear and losses required to be restored by Landlord. Tenant shall not be obligated to remove or restore any alteration, addition or improvement to the Premises made pursuant to Section 12 hereof except to the extent that Landlord may require in writing at the time of giving its consent to a structural alteration, addition or improvement. Notwithstanding the foregoing, unless Tenant obtains Landlord's written authorization to leave such property on the Premises, Tenant shall remove from the Premises Tenant's Removable Property, shall use all reasonable efforts to minimize any damage caused by such removal, and shall repair all damage resulting from such removal.",Termination,ALeaseBert,reinstatement_clause
905,"Tenant may not sublease all or any part of the Premises or assign its interest in this Lease without, in each case, the prior consent of Landlord, which consent shall not be unreasonably withheld, conditioned or delayed. If Landlord consents to an assignment or sublease, the sublessee or assignee shall expressly agree to be bound by the terms and conditions of this Lease, including the Permitted Use, in a written instrument in form and substance satisfactory to Landlord and delivered to Landlord at the time of such assignment or sublease. Any purported assignment, mortgage, transfer, or sublease that does not comply with the provisions of this Section 18 shall be void.",Tenant Responsibilities,ALeaseBert,sublease_permitted
906,"Save and except for the one-year guaranty against defective items occasioned by poor workmanship and/or materials referred to in Section 2.8, the Punchlist Items referred to in Section 2.6, and the Landlord Items referred to in Section 8.1, Tenant shall, from and after the Commencement Date, have and hold the Demised Premises as the same shall then be without any liability or obligation on the part of Landlord for making any alterations, improvements or repairs of any kind in or about the Demised Premises for the Term of this Lease, or any extension or renewal thereof, and Tenant agrees to maintain the Demised Premises and all parts thereof in a good and sufficient state of repair as required by the provisions of this Lease.",Repairs,ALeaseBert,landlord_repairs
907,"Tenant covenants and agrees that, subject to Tenant’s right to contest the same under Section 5.2, it will pay during the Term, as Additional Rent, before any fine, penalty, interest or cost may be added thereto for the nonpayment thereof, all real estate taxes, special assessments (including installments of currently levied assessments which are payable during the Term), water rates and charges, sewer rates and charges, including any sum or sums payable for present or future sewer or water capacity, charges for public utilities, street lighting, excise levies, licenses, permits, inspection fees, other governmental charges, payments or charges under covenants, conditions and restrictions now or hereafter of record, and all other charges of whatsoever kind and nature (including costs, fees, and expenses of complying with any restrictive covenants or similar agreements to which the Demised Premises are, as of the date hereof, subject) incurred in the use, occupancy, ownership, operation, leasing or possession of the Demised Premises, without particularizing by any known name or by whatever name hereafter called, and whether any of the foregoing be general or special, ordinary or extraordinary, foreseen or unforeseen (all of which are sometimes herein referred to as “Impositions”), which at any time during the Term may have been or may be assessed, levied, confirmed, imposed upon, or become a lien on the Demised Premises, or any portion thereof, or any appurtenance thereto, rents or income therefrom, and such easements or rights as may now or hereafter be appurtenant or appertain to the use of the Demised Premises. Impositions will not include any sum included in the Cost of the Work, as identified on Exhibit “B-1”.",Maintenance,ALeaseBert,services_charges
908,"Tenant will pay, when due, all charges of every nature, kind or description for utilities furnished to the Demised Premises after the Commencement Date, or chargeable against the Demised Premises, including all charges for water, sewage, heat, gas, light, garbage, electricity, telephone, steam, power or other public or private utility services.",Maintenance,ALeaseBert,services_charges
909,"Save and except for the one-year guaranty against defective materials and workmanship provided in Section 2.8 hereof and the completion of the Punchlist Items provided in Section 2.6 hereof, Tenant, at its sole cost and expense, throughout the Term of this Lease, shall take good care of the Demised Premises; and shall keep the same in good order, condition and repair, and irrespective of such guaranty shall make and perform all routine maintenance thereof and (other than as set forth in Article XIII) all necessary repairs thereto, interior and exterior, ordinary and extraordinary, foreseen and unforeseen, of every nature, kind and description; provided, however, that Tenant",Repairs,ALeaseBert,landlord_repairs
910,"shall have no such obligation with respect to the structural elements and the foundations of the Demised Premises. The structural elements and foundations of the Demised Premises are collectively referred to as the “Landlord Items”. When used in this Article VIII, “repairs” shall include all necessary replacements, renewals, alterations, additions and betterments. All repairs made by Tenant shall be at least equal in quality and cost to the Improvements and shall be made by Tenant in accordance with all laws, ordinances and regulations whether heretofore or hereafter enacted. The necessity for or adequacy of maintenance and repairs shall be measured by the standards which are appropriate for improvements of similar construction, age and class, provided that Tenant shall in any event make all repairs necessary to avoid any structural damage or other damage or injury to the Improvements.",Maintenance,ALeaseBert,services_charges
911,"Landlord will repair and maintain the Landlord Items in good order, condition and repair. Landlord will, in accordance with its customary accounting procedures as generally applied by Landlord to its business operations, calculate the expenses incurred by Landlord in so maintaining and repairing the Landlord Items after the expiration of the Landlord guaranty set forth in Section 2.8. Those expenses will not include the cost of any capital improvement to the Building (which capital costs will be paid by Landlord without reimbursement from Tenant) other than replacements required for normal maintenance and repair. The foregoing expenses will be invoiced to, and paid by, Tenant as incurred by Landlord and will constitute items of Additional Rent. Tenant agrees to give Landlord notice of any Landlord Item that requires repair or maintenance. Tenant agrees to provide Landlord with access to the Demised Premises in order to permit Landlord to perform repair and maintenance as required hereby.",Repairs,ALeaseBert,landlord_repairs
912,"If, during the Initial Term of this Lease, or any extension or renewal thereof, less than the entire Demised Premises, but more than twenty-five percent (25 %) of the floor area of the Building, or more than thirty percent (30%) of the land area of the Demised Premises, shall be taken in any such Proceedings, this Lease shall, upon vesting of title in the Proceedings, terminate as to the portion of the Demised Premises so taken, and Tenant may, at its option, terminate this Lease as to the remainder of the Demised Premises. Tenant shall not have the right to terminate this Lease pursuant to the preceding sentence unless (a) the business of Tenant conducted in the portion of the Demised Premises taken cannot reasonably be carried on with substantially the same utility and efficiency in the remainder of the Demised Premises (or any substitute space securable by Tenant pursuant to clause [b] hereof) and (b) Tenant cannot construct or secure substantially similar space to the space so taken, on the Demised Premises. Such termination as to the remainder of the Demised Premises shall be effected by notice in writing given not more than sixty (60) days after the date of vesting of title in",Termination,ALeaseBert,break_option
913,"such Proceedings, and shall specify a date not more than sixty (60) days after the giving of such notice as the date for such termination. Upon the date specified in such notice, the Term of this Lease, and all right, title and interest of Tenant hereunder, shall cease and come to an end. If this Lease is terminated as in this Section 14.2 provided, Landlord shall be entitled to and shall receive the total award made in such Proceedings, Tenant hereby assigning any interest in such award, damages, consequential damages and compensation to Landlord, and Tenant hereby waiving any right Tenant has now or may have under present or future law to receive any separate award of damages for its interest in the Demised Premises, or any portion thereof, or its interest in this Lease except as otherwise provided in Section 14. 1. The right of Tenant to terminate this Lease, as in this Section 14.2 provided, shall be exercisable only upon condition that Tenant is not then in default in the performance of any of the terms, covenants or conditions of this Lease on its part to be performed, and such termination upon Tenant’s part shall become effective only upon compliance by Tenant with all such terms, covenants and conditions to the date of such termination. In the event that Tenant elects not to terminate this Lease as to the remainder of the Demised Premises, the rights and obligations of Landlord and Tenant shall be governed by the provisions of Section 14.3 hereof.",Termination,ALeaseBert,break_option
914,"Otherwise as set forth in this Article XV, Tenant shall not sublet the Demised Premises, or any portion thereof, nor assign, mortgage, pledge, transfer or otherwise encumber or dispose of this Lease, or any interest therein, or in any manner assign, mortgage, pledge, transfer or otherwise encumber or dispose of its interest or estate in the Demised Premises, or any portion thereof, by operation of law or otherwise, without obtaining Landlord’s prior written consent in each and every instance, which consent may be withheld in Landlord’s sole, unfettered discretion.",Tenant Responsibilities,ALeaseBert,sublease_permitted
915,"However, Tenant may sublet up to a cumulative total of fifty percent (50%) of the Demised Premises, by first obtaining Landlord’s prior written consent, which consent shall not be withheld or delayed provided that the following conditions are complied with:",Tenant Responsibilities,ALeaseBert,sublease_permitted
916,"(i) At the time of any subletting, and at the time when Tenant requests Landlord’s written consent thereto, this Lease must be in full force and effect, without any uncured breach or Event of Default thereunder on the part of Tenant.",Tenant Responsibilities,ALeaseBert,sublease_permitted
917,"(ii) Any such sublessee shall assume, by written, recordable instrument, the due performance of all of Tenant’s obligations under this Lease with respect to the sublet Demised Premises, including any accrued obligations at the time of the effective date of the sublease, and such assumption agreement shall state that the same is made by the sublessee for the express benefit of Landlord as a third party beneficiary thereof so that Landlord may proceed directly against the sublessee in the event a breach of the assumption agreement.",Tenant Responsibilities,ALeaseBert,sublease_permitted
918,"(iii) Such subletting shall be subject to all the provisions, terms, covenants and conditions of this Lease, and Tenant shall continue to be and remain liable under the Lease.",Tenant Responsibilities,ALeaseBert,sublease_permitted
919,"(iv) Tenant agrees to pay on behalf of Landlord any and all reasonable costs of Landlord, including attorneys’ fees paid or payable to outside counsel, occasioned by a review of any such sublease, not to exceed One Thousand Dollars ($1,000.00) per sublease.",Tenant Responsibilities,ALeaseBert,sublease_permitted
920,(v) Such sublessee must be of a business character which Landlord reasonably finds to be consistent with the character of other tenants in the Bass Creek Business Park on the date of this Lease.,Tenant Responsibilities,ALeaseBert,sublease_permitted
921,(vi) No such sublessee shall have any rights under Article XXIII hereof. A purchaser of substantially all of the assets of the Tenant shall have all of the rights of Tenant under Article XXIII.,Tenant Responsibilities,ALeaseBert,sublease_permitted
922,The Landlord reserves the right to enter the Property:,Repairs,ALeaseBert,landlord_repairs
923,"(a)to repair, maintain or replace any Service Media or structure relating to any of the Reservations;",Repairs,ALeaseBert,landlord_repairs
924,"If the Property is damaged or destroyed by the Insured Risks so as to be unfit for occupation and use then, unless the policy of insurance of the Property has been vitiated in whole or in part in consequence of any act or omission of the Tenant, any undertenant or their respective workers, contractors or agents or any other person on the Property with the actual or implied authority of any of them, payment of the Annual Rent, or a fair proportion of it according to the nature and extent of the damage, shall be suspended until the Property has been reinstated and made fit for",Repairs,ALeaseBert,damage
925,"occupation and use, or until the end of three years from the date of damage or destruction, if sooner.",Repairs,ALeaseBert,damage
926,"If, following damage to or destruction of the Property, the Landlord considers that it is impossible or impractical to reinstate the Property, the Landlord may terminate this lease by giving notice to the Tenant. On giving notice this lease shall determine but this shall be without prejudice to any right or remedy of the Landlord in respect of any breach of the tenant covenants of this lease. Any proceeds of the insurance (other than any insurance for plate glass) shall belong to the Landlord.",Repairs,ALeaseBert,damage
927,"The Tenant shall pay all costs in connection with the supply and removal of electricity, gas, water, sewage, telecommunications, data and other services and utilities to or from the Property.",Maintenance,ALeaseBert,services_charges
928,"If any of those costs are payable in relation to the Property together with other property, the Tenant shall pay a fair proportion of all those costs.",Maintenance,ALeaseBert,services_charges
929,"The Tenant shall not underlet the whole of the Property except in accordance with this clause nor without the consent of the Landlord, such consent not to be unreasonably withheld or delayed.",Tenant Responsibilities,ALeaseBert,sublease_permitted
930,"The Tenant shall not underlet the Property unless, before the underlease is granted, the Tenant has given the Landlord:",Tenant Responsibilities,ALeaseBert,sublease_permitted
931,"(a)a certified copy of the notice served on the undertenant, as required by section 38A(3)(a) of the 1954 Act, applying to the tenancy to be created by the underlease; and",Tenant Responsibilities,ALeaseBert,sublease_permitted
932,(b)a certified copy of the declaration or statutory declaration made by the undertenant in accordance with the requirements of section 38A(3)(b) of the 1954 Act.,Tenant Responsibilities,ALeaseBert,sublease_permitted
933,"At the end of the term, the Tenant shall remove from the Property all chattels belonging to or used by it.",Termination,ALeaseBert,reinstatement_clause
934,"Upon expiration of the lease term, Party A shall have the right to take back this plant, and Party B shall return the plant in good condition as is on schedule.",Termination,ALeaseBert,reinstatement_clause
935,"Otherwise, within one month prior to expiration of lease term, Party A shall have the right to take back the plant or sign a new lease contract with any third parties, to which Party B shall have no objection.",Termination,ALeaseBert,reinstatement_clause
936,"Party B shall make the rental down payment of the plant to Party A within 7 days from signing date of the Contract. The down payment shall be rental of one month, amounting to RMB 135,000 (Say RMB One Hundred and Thirty-five Thousand only). In the event that Party B fails to make such down payment on schedule for three days, then Party B shall be deemed as default, and Party A shall have the right to terminate the Contract. After both Party A and Party B fulfill the Contract, down payment received by Party A will be used as security deposit for Party A’s property, and Party A shall provide the payment certificate in writing to Party B.",Security Deposit,ALeaseBert,guarantee_transferable
937,"Upon expiration of lease term, Party A shall return the plant lease security deposit paid by Party B to Party B without interest after deduction of the expenses payable by Party B hereunder.",Security Deposit,ALeaseBert,guarantee_transferable
938,"During the lease term, Party B shall be liable for any and all utilities incurred by the plant, and shall make payment within 3 days after receipt of bills or receipts or invoices. Otherwise, Party B shall bear the overdue fine incurred thereby, and shall be liable for any and all losses caused by service failure of water and power due to overdue payment. Furthermore, Party B shall pay the expenses incurred by restoration of water and power supply.",Maintenance,ALeaseBert,services_charges
939,"During the lease term, Party A shall not hire out the leased plant to any third parties.",Tenant Responsibilities,ALeaseBert,sublease_permitted
940,"Party B shall pay the rental, management fee and utilities in full on time strictly in accordance with the Contract.",Maintenance,ALeaseBert,services_charges
941,"When the Contract expires, Party B must restore the normal service conditions of the plant. Security deposit will be returned after Party A makes acceptance in writing. Otherwise, Party B shall be deemed as default, without refund of security deposit.",Termination,ALeaseBert,reinstatement_clause
942,"Party A must clear up the plant under lease 3 days prior to the effective date of lease hereunder, so that Party B could use the plant on schedule. Where Party A delays to deliver the plant, then Party A must pay the liquidated damages at 1% of the daily rental per overdue day. If the overdue payment exceeds 30 days, Party B shall have the right to terminate the Contract unconditionally, and Party A must pay rentals of 2 months to Party B as liquidated damages.",Termination,ALeaseBert,reinstatement_clause
943,"Where Party B fails to pay the rental on schedule, then Party B must pay the liquidated damages at 1% of the daily rental per overdue day. In the event that the overdue payment exceeds 30 days, then Party A shall have the right to terminate the Contract unconditionally.",Termination,ALeaseBert,break_option
944,"Where the land of the plant has to be removed as requested by government authorities at district level or above, then the Lease Contract shall be terminated unconditionally. Party A shall inform Party B of such removal 2 months in advance, to which Party B shall submit unconditionally, and shall withdraw within the specified time limit without any compensations from Party A.",Termination,ALeaseBert,break_option
945,"Where the Contract cannot be fulfilled arising from damage to plant and buildings under lease due to force majeure factors, then both parties shall be held harmless from and against any economic liabilities, and the Contract will be terminated automatically.",Termination,ALeaseBert,break_option
946,"for the purpose of production, office and warehouse",Tenant Responsibilities,ALeaseBert,designated_use
947,"shall bear the fees of property management, drainage, water, electricity, and so on. Column A",Maintenance,ALeaseBert,services_charges
948,"Upon execution of this contract, shall pay Party A a Deposit equal to the rent of one month. Party A shall issue the corresponding receipt. On expiration of the tenancy, the Deposit shall be used to offset the rent for the last month.",Security Deposit,ALeaseBert,guarantee_transferable
949,"If Party A really needs to early surrender this Contract, it shall inform Column A upon a written notice 6 months in advance and pay Column A the liquidated damages equal to the rent of Column A upon the consent of Column J, to make up for the losses of breakdown of work and production, costs for removal of the equipment, the difference of rent, and the expenses for claiming the rights suffered by Column A.",Termination,ALeaseBert,break_option
950,"shall move out of the Premise Column A the termination of this Contract or expiration of the tenancy and return the Premise to Party A, unless the parties reach an agreement of renewal. Column K",Termination,ALeaseBert,reinstatement_clause
951,Water and electricity fees shall be paid by Party A on behalf of Party B.,Maintenance,ALeaseBert,services_charges
952,“Permitted Use” means offices,Tenant Responsibilities,ALeaseBert,designated_use
953,"To pay all charges for Utilities consumed in or on the Demised Premises, including any connection and hiring charges and meter rents and to perform and observe all present and future regulations and requirements of each of the Utility supply authorities in respect of the supply and consumption of Utilities in or on the Demised Premises.",Maintenance,ALeaseBert,services_charges
954,"(i) to keep clean and tidy and to maintain, repair, replace and reinstate and to put into and keep in good order repair and condition the interior of the Demised Premises and every part of it and any additions, alterations and extensions to it including, without derogating from the generality of the foregoing, all non-structural or non-load bearing walls and columns, the internal plaster surfaces and finishes of all structural or load bearing walls and columns, the inner half (severed medially) of the internal non-load bearing walls that divide the Demised Premises from other parts of the Building and all timbers, joists and beams of the floors and ceilings, chimney stacks, gutters, doors, locks, windows, fixtures, fittings, fastenings, wires, waste water drains and other pipes and sanitary and water apparatus in or on the Demised Premises; and",Repairs,ALeaseBert,landlord_repairs
955,"Notwithstanding the provisions of clause 4.14(a), the Landlord shall not unreasonably withhold or delay its consent to the mortgaging or charging (including lodging this Lease with anyone as security) of the entire of the Demised Premises with a recognised financial institution or to an assignment of the entire or to a sub-letting of the entire of the Demised Premises to an assignee or sub-tenant reasonably acceptable to the Landlord (and being of financial standing reasonably satisfactory to the Landlord) and otherwise subject to the following provisions or such of them as may be appropriate.",Tenant Responsibilities,ALeaseBert,sublease_permitted
956,"Party A agrees that Party B may conduct appropriate remodeling to the leased housing; however, such remodeling must not cause any damage to the main structure of the building; otherwise Party B shall be responsible in full for all repairs.",Repairs,ALeaseBert,damage
957,"Party A will have a separate electric meter in the building that Party B leases, and Party B shall pay to Party A for electricity it consumes each month at the rate set by the county power company, and Party A will in turn pay such amount to the county power company. Party B may use running water provided by Party A for free. (If the right to the lease is transferred, the water bill will be determined based on the circumstances).",Maintenance,ALeaseBert,services_charges
958,"In addition to the year’s rental fee, Party A shall also collect a security deposit for the lease in the amount of RMB 60,000.00 at the signing of the contract herein as a security for any decorations, supporting facilities, appliances and related costs to be assumed by Party B for the property herein. Upon the completion of the term of lease, Party A shall return the entire security deposit to Party B provided that Party B has not caused any damage to Party A’s property and does not owe any related costs; otherwise, Party A has the right to return the amount remaining after deducting such costs as appropriate.",Security Deposit,ALeaseBert,guarantee_transferable
959,"Party B shall assume and pay the expenses for the use of water, electricity, etc. on the leasing premises to Party A during the month [in which they are due].",Maintenance,ALeaseBert,services_charges
960,Party A shall collect the expenses for the water and electricity bills on Party B’s behalf and shall furnish Party B with copies of official invoices printed by the water company and energy supply bureau.,Maintenance,ALeaseBert,services_charges
961,"Return: Upon completion of the term of lease or dissolution of the contract herein, Party B shall return the property and its supporting facilities in a timely manner. Upon acknowledgement of the inspection acceptance, Party A and B shall sign and seal the “Inventory of Supporting Facilities on the Property.” Party A and Party B shall pay off any of their respective payable expenses. Once the property herein is returned, Party A is entitled to dispose of any articles left on the premises for which Party B has not obtained Party A’s consent.",Termination,ALeaseBert,reinstatement_clause
962,Party A fails to transfer the property herein within 10 days after the time stipulated.,Termination,ALeaseBert,break_option
963,The transferred property’s non-compliance with the stipulations of the contract herein seriously affects Party B’s use thereof.,Termination,ALeaseBert,break_option
964,Party A’s failure to undertake its obligations to perform maintenance as stipulated results in Party B’s inability to properly use the property.,Termination,ALeaseBert,break_option
965,The transferred property presents a hazard to the safety or health of Party B.,Termination,ALeaseBert,break_option
966,"Party B either fails to pay, or pays in an untimely manner, the rental fee within 10 days after the time stipulated.",Termination,ALeaseBert,break_option
967,"The total of outstanding expenses which Party B is required to pay amounts to RMB 1,000 [or more].",Termination,ALeaseBert,break_option
968,Party B uses the property for an unspecified purpose of its own accord.,Termination,ALeaseBert,break_option
969,"Party B tears down, moves or damages the main structure of the property of its own accord.",Termination,ALeaseBert,break_option
970,Party B subleases the property to a third party of its own accord.,Termination,ALeaseBert,break_option
971,Party B uses the property to engage in illegal activities.,Termination,ALeaseBert,break_option
972,Party B uses other space of its own accord without the consent of Party A.,Termination,ALeaseBert,break_option
973,Party B erects any structures which are in violation of regulations.,Termination,ALeaseBert,break_option
974,To pay to the suppliers and to indemnify the Landlord against all charges for electricity gas and other services consumed or used at or in relation to the Premises (including meter rents),Maintenance,ALeaseBert,services_charges
975,offices within Class B1(a) or (b) of the 1987 Order,Tenant Responsibilities,ALeaseBert,designated_use
976,"To pay for all gas, electricity, water, telephone and other utilities used on the Premises, and all charges for meters and all standing charges, and a fair proportion of any joint charges as determined by the Landlord's Surveyor;",Maintenance,ALeaseBert,services_charges
977,Not to underlet or agree to underlet the whole of the Premises or a Subletting Unit unless:,Tenant Responsibilities,ALeaseBert,sublease_permitted
978,the rent payable under the underlease is:,Tenant Responsibilities,ALeaseBert,sublease_permitted
979,not less than the rent reasonably obtainable in the open market for the Premises (or the Subletting Unit) without fine or premium;,Tenant Responsibilities,ALeaseBert,sublease_permitted
980,Without prejudice to Clause 4.16.4 not to underlet the whole of the Premises or a Subletting Unit nor vary the terms of any underlease without the Landlord's written consent (not to be unreasonably withheld or delayed);,Tenant Responsibilities,ALeaseBert,sublease_permitted
981,"if the Landlord so requires, to remove all alterations made during the Term or any preceding period of occupation by the Tenant and reinstate the Premises as the Landlord shall reasonably direct and to its reasonable satisfaction;",Termination,ALeaseBert,reinstatement_clause
982,"The Rent does not include payments for performances related to the use of the Subject of the Lease, including, without limitation, payments for supplies of water, gas, steam, electricity, telecommunication services and discharge of wastewater, etc.",Maintenance,ALeaseBert,services_charges
983,"The Landlord shall not be entitled to carry out any construction, i.e. construction of new buildings or extensions to the existing buildings, within the Premises.",Repairs,ALeaseBert,landlord_repairs
984,The Tenant shall be entitled to sublease the Subject of the Lease only with the prior written consent of the Landlord. The Landlord agrees not to refuse the consent to the conclusion of the sublease contract without a serious reason.,Tenant Responsibilities,ALeaseBert,sublease_permitted
985,General office use consistent with a first class high-rise office project (and any other use of the South Tower Premises permitted by Article 7 of the Standard Lease Provisions).,Tenant Responsibilities,ALeaseBert,designated_use
986,"The operation of a retail banking branch office open to the general public, and for no other use with respect to Tenant; provided, however, that if Tenant subleases the Plaza Building Space to an independent third party subtenant in accordance with the provisions of Article 15 of the Standard Lease Provisions (and Landlord does not elect to recapture the Plaza Building Space by exercising its recapture rights under Section 15.2.4 of the Standard Lease Provisions with respect to such Transfer (defined in Section 15.1 of the Standard Lease Provisions, below)), such subtenant shall be permitted to use the Plaza Building Space for any Permitted Plaza Building First Class Use (defined in Section 28.9.3 of the Standard Lease Provisions, below) provided that such subtenant satisfies the requirements of being a Permitted Plaza Building First Class Tenant (defined in Section 28.9.3 of the Standard Lease Provisions, below).",Tenant Responsibilities,ALeaseBert,designated_use
987,"The amount of the security under this contract is twice the amount of the rent of the first season, which is RMB4,404,000.00.",Security Deposit,ALeaseBert,guarantee_transferable
988,"The procedures to increase the volume of power supply should be covered by the leaser, while all the expenses (subject to the actual expenses) caused by increasing the volume of power supply should be undertaken by the lessee.",Maintenance,ALeaseBert,services_charges
989,"Only with the leaser’s written consent can the lessee sublet part of the leasehold, but the lessee should be responsible for the administration of the sublet part, including collecting rent from the sub-lessee. The duties and rights of party A and B under this contract will not be changed because of the subletting.",Tenant Responsibilities,ALeaseBert,sublease_permitted
990,"If there is any subletting, the lessee must follow the following clauses:",Tenant Responsibilities,ALeaseBert,sublease_permitted
991,1] The subletting term must not exceed the lease term;,Tenant Responsibilities,ALeaseBert,sublease_permitted
992,2] The function of the sublet leasehold must not exceed the function stated in Clause1;,Tenant Responsibilities,ALeaseBert,sublease_permitted
993,"3] It should be clearly stated in the subletting agreement by the lessee that if the lessee terminates the contract, the subletting agreement should end at the same time.",Tenant Responsibilities,ALeaseBert,sublease_permitted
994,"4] The lessee must request the sub-lessee to sign a letter of promise to promise that it agrees to implement the regulation related to subletting in the contract signed by the lessee and the leaser, and to promise that it will undertake joint liability for implementing the contract together with the lessee. When the lessee terminates the contract, the subletting agreement will end at the same time, and the sub-lessee will move out of the leasehold unconditionally. The lessee should submit the letter of promise, signed by the sub-lessee, to the leaser for its record within days after the subletting agreement is signed.",Tenant Responsibilities,ALeaseBert,sublease_permitted
995,"5] No matter the lessee terminates the contract or not, the lessee is responsible for all consequent dispute brought by the subletting.",Tenant Responsibilities,ALeaseBert,sublease_permitted
996,6] The lessee should be responsible for the taxes and expenses caused by the subletting.,Tenant Responsibilities,ALeaseBert,sublease_permitted
997,"If by the termination or the end of the contract, party A and B have not reached agreement for extension, the lessee should move out of the leasehold on the terminating or ending day, and return the leasehold to the leaser. If the lessee does not move out or does not return the leasehold, it should pay to the leaser double rent, but the leaser has the right to notice the lessee in written form that it won’t accept double rent, and has the right to withdraw the leasehold, and move things in the field of the leasehold out of it. In addition, the leaser is not responsible for keeping the things.",Termination,ALeaseBert,reinstatement_clause
998,utility fees shall be calculated based on the actual number of meter reading and previous fees shall be paid before the 15th of each month.,Maintenance,ALeaseBert,services_charges
999,TV fees shall be settled every half year(collected according to the provisions of the state).,Maintenance,ALeaseBert,services_charges
1000,"Where the Lessee sublets the leased property to any third party for work needs, it must obtain the prior consent of the Lessor.",Tenant Responsibilities,ALeaseBert,sublease_permitted
1001,"If either party is in breach of contract, it shall pay half year rental as liquidated damages to the other party.",Repairs,ALeaseBert,damage
1002,"Lessee shall not, without prior consent of Lessor, transfer the possession of the Property to a third party, or sublease the Property. However, Lessee may, on its own responsibility and at its own expense, without consent of Lessor, transfer the possession of the Property for maintenance or repair to a manufacturer of the Property or approved maintenance or repair provider, and sublease the Property to an SD Group company or a Toshiba Group company.",Tenant Responsibilities,ALeaseBert,sublease_permitted
1003,In the event that the transfer of possession or sublease is executed in accordance with the,Tenant Responsibilities,ALeaseBert,sublease_permitted
1004,"previous paragraph, the transfer of possession or sublease shall not affect Lessee’s obligations under this Agreement and shall be subject to the Agreement’s Articles, survival and other provisions, and even if Lessee incurs taxes and public dues as a result of the transfer of possession or subleasing, there shall be no affect on the lease payment or other lease conditions under this Agreement. Further, Lessee shall, on its own responsibility and at its own expense, take all reasonable measures so that Lessor and the Lenders maintain security interests as before (not limited to those expressed in this Agreement).",Tenant Responsibilities,ALeaseBert,sublease_permitted
1005,"Lessee may, in accordance with the following provisions, for each individual transaction, return to Lessor all unit components that are subject to said individual transaction at the location designated by Lessor on the anniversary of the delivery date each year during the lease period (hereinafter referred to as “return date”) by notifying Lessor and the Lenders no less than [ *] days in advance. Provided, however, if any of reasons for cancellation or default (including reasons for cancellation and for default with respect to provisions regarding return in this Article) has occurred on such return date, or purchase by exercising purchase options pursuant to Article 24 takes place on the same day as the return date, Lessee may not return the Property under this Article. Notification of exercise of return options pursuant to this Article may be withdrawn until [*] days before such return date.",Termination,ALeaseBert,reinstatement_clause
1006,"When Lessee returns the Property to Lessor pursuant to this Article, the Property shall",Termination,ALeaseBert,reinstatement_clause
1007,"be in a good condition as at the time of delivery in Article 4, its normal use is possible, and that Lessor determines that all of the requirements for conditions at the time of return of the Property prescribed in Attachment 6 are met, except for normal wear and tear and changes etc. performed in accordance with provisions of Article 14, Paragraph 4 or 5, or Article 15.",Termination,ALeaseBert,reinstatement_clause
1008,"Lessee shall deliver, with return of the Property to Lessor, in addition to a maintenance and repair log of the Property, all records or copy thereof of installation, storage, use, operation, maintenance and repair of the Property and, if Lessor requests, a certificate by the Property manufacturer, the Property parts supplier or a property maintenance and repair provider approved by the property manufacturer that certifies the items provided in Item (1) of this paragraph.",Termination,ALeaseBert,reinstatement_clause
1009,"Lessee shall, on the return date, with return of the Property, pay Lessor the Return Adjustment Fee for retuning the Property as of the return date and other amounts due under the related agreements.",Termination,ALeaseBert,reinstatement_clause
1010,"Lessee shall incur maintenance expense, removal expense, transport expense, storage expense, resale expense and all other expenses related to the return of the Property, and all expenses related to disposition of the Property.",Termination,ALeaseBert,reinstatement_clause
1011,"Lessor may, upon the occurrence of any one of the following events, with only written notice without formal demand, accelerate all payments owing by Lessee under this Agreement or any or all of the individual transactions and terminate this Agreement or any or all of the individual transactions.",Termination,ALeaseBert,break_option
1012,(1) If Lessee defaults a lease payment and payment for other debts due under the related agreements and does not make the relevant payments within 2 bank business days of receipt of written notice to that effect from Lessor.,Termination,ALeaseBert,break_option
1013,(2) If Lessee neglects to obtain and keep required insurance in accordance with this,Termination,ALeaseBert,break_option
1014,Agreement.,Termination,ALeaseBert,break_option
1015,(3) If Lessee neglects to remove obligations etc. in accordance with this Agreement.,Termination,ALeaseBert,break_option
1016,"(4) If Lessee violates the provisions of the related agreements, in addition to the previous Item, and does not correct the relevant violations within 10 bank business days of receipt of written notice to that effect from Lessor.",Termination,ALeaseBert,break_option
1017,"(5) If Lessee or a Guarantor is subject to compulsory execution, petition for auction or disposition for failure to pay taxes and public duties, or petition for the commencement of bankruptcy proceedings (including petition for similar procedures or dispositions under foreign law). Provided, however, except where the relevant petition or disposition is cancelled or dissolved within 30 days.",Termination,ALeaseBert,break_option
1018,"(6) If Lessee or a Guarantor starts private dissolution, passes a resolution to liquidate or dissolve all or the major part of the business operation (provided, however, except in the case of corporate reorganization that does not follow a procedure provided in Item (5) for Lessee or the Guarantor, and Lessor, the Borrower and the Lenders have consented thereto), or receives an order of business suspension of all or major part of business or operation or other discontinuance of all or major part of business or operation from a public office (It shall be considered to fall under this Item (6) if operation of the Property by Lessee has ceased for more than 2 months and without any prospect for resumption).",Termination,ALeaseBert,break_option
1019,"(7) If Lessee or a Guarantor transfers all or major part of its business. Provided, however, except in the case of corporate reorganization that does not follow a procedure of Item (5) for Lessee or the Guarantor, and Lessor, the Borrower, the Lenders have consented thereto.",Termination,ALeaseBert,break_option
1020,(8) If Lessee or a Guarantor stops payment or suffers suspension by a bill clearing house.,Termination,ALeaseBert,break_option
1021,"(9) If the direct or indirect rate of equity participation by each Guarantor with respect to Lessee changes. Provided, however, except where Lessor, the Borrower and the Lenders otherwise have consented thereto.",Termination,ALeaseBert,break_option
1022,"(10) If the FLASH PARTNERS MASTER AGREEMENT executed between Toshiba Corporation, SanDisk Corporation and SanDisk International Limited on September 10, 2004 is cancelled, dissolved, or terminated.",Termination,ALeaseBert,break_option
1023,"(11) If Lessee or a Guarantor suffers acceleration with respect to debt greater than 20 million US dollars. Provided, however, that this shall not include cases where it is determined that the creditor has consented or agreed to the delay (including cases where the creditor is silent pursuant to commercial practices).",Termination,ALeaseBert,break_option
1024,"(12) If the amount of equity (Total Stockholders’ Equity) in consolidated the balance sheet as of the last of accounting term and mid accounting term of each fiscal year of SanDisk becomes less than 1,164 million US dollars.",Termination,ALeaseBert,break_option
1025,"(13) If a long-term debt rating of SanDisk by Standard & Poor’s Rating Services or Moody’s Investors Service is decreased to below BB- or Ba3, respectively",Termination,ALeaseBert,break_option
1026,"(14) In addition to the foregoing items, there exists a significant cause, objectively recognized, whereby voluntary and smooth performance of the obligations due under this Agreement becomes difficult due to a significant change in conditions regarding assets and creditworthiness of Lessee or a Guarantor, and there is no discussion of cure measures arranged within 30 days of receipt of notice to that effect from Lessor by Lessee.",Termination,ALeaseBert,break_option
1027,"If this Agreement is terminated under the previous paragraph, Lessee shall return the Property to Lessor on the date specified by Lessor for termination (hereinafter referred to as “termination date”), and pay all amounts due that have not been paid as of the termination date, including unpaid lease payments due to be paid on a lease payment date before the termination date and late charges thereof and stipulated loss payment as of the termination date as provided in Attachment 1, Paragraph 9.",Termination,ALeaseBert,reinstatement_clause
